Company ID;Event ID;Event description;Order number;Order date;Order time;Stat order date;Stat L/D;Delivery;Payment;Table number;Customer name;Department;I/T;Item;Variants;Item with variants;Quantity;Price;Amount
20;3;FESTA D'AUTUNNO 2026;38;2026-09-07;20:19:45;2026-09-07;D;T;E;202;Daniele;PRIMI;K;PENNE FORMAGGI;;PENNE FORMAGGI;1,00;6,00;6,00
20;3;FESTA D'AUTUNNO 2026;1;2026-09-05;15:25:19;2026-09-05;L;T;E;106;;PRIMI;K;PENNE RAGU';;PENNE RAGU';1,00;6,00;6,00
20;3;FESTA D'AUTUNNO 2026;1;2026-09-05;15:25:19;2026-09-05;L;T;E;106;;PRIMI;K;GNOCCHI RAGU';;GNOCCHI RAGU';1,00;6,00;6,00
20;3;FESTA D'AUTUNNO 2026;1;2026-09-05;15:25:19;2026-09-05;L;T;E;106;;SECONDI;K;BIS;;BIS;1,00;6,50;6,50
20;3;FESTA D'AUTUNNO 2026;1;2026-09-05;15:25:19;2026-09-05;L;T;E;106;;SECONDI;K;TRIS;;TRIS;1,00;11,00;11,00
20;3;FESTA D'AUTUNNO 2026;1;2026-09-05;15:25:19;2026-09-05;L;T;E;106;;SECONDI;I;PATATE FRITTE;;PATATE FRITTE;1,00;3,00;3,00
20;3;FESTA D'AUTUNNO 2026;1;2026-09-05;15:25:19;2026-09-05;L;T;E;106;;SECONDI;I;VERDURE GRIGLIATE;;VERDURE GRIGLIATE;1,00;3,50;3,50
20;3;FESTA D'AUTUNNO 2026;1;2026-09-05;15:25:19;2026-09-05;L;T;E;106;;BAR;I;BIONDA MEDIA;;BIONDA MEDIA;2,00;5,00;10,00
20;3;FESTA D'AUTUNNO 2026;2;2026-09-05;15:39:07;2026-09-05;L;T;C;206;;PRIMI;K;GNOCCHI RAGU';;GNOCCHI RAGU';2,00;6,00;12,00
20;3;FESTA D'AUTUNNO 2026;2;2026-09-05;15:39:07;2026-09-05;L;T;C;206;;PRIMI;K;GNOCCHI FORMAGGI;;GNOCCHI FORMAGGI;1,00;6,00;6,00
20;3;FESTA D'AUTUNNO 2026;2;2026-09-05;15:39:07;2026-09-05;L;T;C;206;;SECONDI;K;BRACIOLA;;BRACIOLA;1,00;7,00;7,00
20;3;FESTA D'AUTUNNO 2026;2;2026-09-05;15:39:07;2026-09-05;L;T;C;206;;SECONDI;K;TRIS;;TRIS;1,00;11,00;11,00
20;3;FESTA D'AUTUNNO 2026;2;2026-09-05;15:39:07;2026-09-05;L;T;C;206;;SECONDI;K;PIATTO SAGRA;;PIATTO SAGRA;1,00;14,00;14,00
20;3;FESTA D'AUTUNNO 2026;2;2026-09-05;15:39:07;2026-09-05;L;T;C;206;;SECONDI;I;PATATE FRITTE;;PATATE FRITTE;2,00;3,00;6,00
20;3;FESTA D'AUTUNNO 2026;2;2026-09-05;15:39:07;2026-09-05;L;T;C;206;;BAR;I;ROSSO LITRO;;ROSSO LITRO;1,00;4,00;4,00
20;3;FESTA D'AUTUNNO 2026;2;2026-09-05;15:39:07;2026-09-05;L;T;C;206;;BAR;I;ACQUA FRIZZANTE LITRO;;ACQUA FRIZZANTE LITRO;1,00;3,00;3,00
20;3;FESTA D'AUTUNNO 2026;2;2026-09-05;15:39:07;2026-09-05;L;T;C;206;;BAR;I;CAFFE';;CAFFE';2,00;1,00;2,00
20;3;FESTA D'AUTUNNO 2026;3;2026-09-05;15:40:02;2026-09-05;L;A;C;;ROBERTO VINCENZI;SECONDI;K;SALSICCE;;SALSICCE;2,00;6,00;12,00
20;3;FESTA D'AUTUNNO 2026;3;2026-09-05;15:40:02;2026-09-05;L;A;C;;ROBERTO VINCENZI;SECONDI;K;BRACIOLA;;BRACIOLA;2,00;7,00;14,00
20;3;FESTA D'AUTUNNO 2026;3;2026-09-05;15:40:02;2026-09-05;L;A;C;;ROBERTO VINCENZI;SECONDI;K;BIS;;BIS;2,00;6,50;13,00
20;3;FESTA D'AUTUNNO 2026;3;2026-09-05;15:40:02;2026-09-05;L;A;C;;ROBERTO VINCENZI;SECONDI;K;TRIS;;TRIS;3,00;11,00;33,00
20;3;FESTA D'AUTUNNO 2026;4;2026-09-05;15:41:12;2026-09-05;L;T;C;105;;PRIMI;I;TAGLIATELLE FUNGHI;;TAGLIATELLE FUNGHI;2,00;7,00;14,00
20;3;FESTA D'AUTUNNO 2026;4;2026-09-05;15:41:12;2026-09-05;L;T;C;105;;PRIMI;I;LASAGNE AUTUNNO;;LASAGNE AUTUNNO;2,00;7,50;15,00
20;3;FESTA D'AUTUNNO 2026;4;2026-09-05;15:41:12;2026-09-05;L;T;C;105;;PRIMI;I;RAVIOLI;;RAVIOLI;2,00;6,50;13,00
20;3;FESTA D'AUTUNNO 2026;4;2026-09-05;15:41:12;2026-09-05;L;T;C;105;;SECONDI;K;BRACIOLA;;BRACIOLA;2,00;7,00;14,00
20;3;FESTA D'AUTUNNO 2026;4;2026-09-05;15:41:12;2026-09-05;L;T;C;105;;SECONDI;K;SALSICCE;;SALSICCE;1,00;6,00;6,00
20;3;FESTA D'AUTUNNO 2026;4;2026-09-05;15:41:12;2026-09-05;L;T;C;105;;SECONDI;K;BIS;;BIS;1,00;6,50;6,50
20;3;FESTA D'AUTUNNO 2026;4;2026-09-05;15:41:12;2026-09-05;L;T;C;105;;SECONDI;K;TRIS;;TRIS;2,00;11,00;22,00
20;3;FESTA D'AUTUNNO 2026;4;2026-09-05;15:41:12;2026-09-05;L;T;C;105;;BAR;I;CARAFFA BIONDA;;CARAFFA BIONDA;1,00;12,00;12,00
20;3;FESTA D'AUTUNNO 2026;4;2026-09-05;15:41:12;2026-09-05;L;T;C;105;;BAR;I;CARAFFA ROSSA;;CARAFFA ROSSA;1,00;13,00;13,00
20;3;FESTA D'AUTUNNO 2026;4;2026-09-05;15:41:12;2026-09-05;L;T;C;105;;BAR;I;SGROPPINO;;SGROPPINO;2,00;2,50;5,00
20;3;FESTA D'AUTUNNO 2026;5;2026-09-05;15:43:39;2026-09-05;L;T;C;409;;PRIMI;K;GNOCCHI FORMAGGI;;GNOCCHI FORMAGGI;2,00;6,00;12,00
20;3;FESTA D'AUTUNNO 2026;5;2026-09-05;15:43:39;2026-09-05;L;T;C;409;;PRIMI;K;GNOCCHI RAGU';;GNOCCHI RAGU';2,00;6,00;12,00
20;3;FESTA D'AUTUNNO 2026;5;2026-09-05;15:43:39;2026-09-05;L;T;C;409;;SECONDI;K;BIS;;BIS;1,00;6,50;6,50
20;3;FESTA D'AUTUNNO 2026;5;2026-09-05;15:43:39;2026-09-05;L;T;C;409;;SECONDI;K;TRIS;;TRIS;2,00;11,00;22,00
20;3;FESTA D'AUTUNNO 2026;5;2026-09-05;15:43:39;2026-09-05;L;T;C;409;;SECONDI;K;PIATTO SAGRA;;PIATTO SAGRA;2,00;14,00;28,00
20;3;FESTA D'AUTUNNO 2026;5;2026-09-05;15:43:39;2026-09-05;L;T;C;409;;SECONDI;I;FAGIOLI CIPOLLA;;FAGIOLI CIPOLLA;1,00;3,00;3,00
20;3;FESTA D'AUTUNNO 2026;5;2026-09-05;15:43:39;2026-09-05;L;T;C;409;;SECONDI;I;PATATE FRITTE;;PATATE FRITTE;2,00;3,00;6,00
20;3;FESTA D'AUTUNNO 2026;5;2026-09-05;15:43:39;2026-09-05;L;T;C;409;;BAR;I;BIONDA MEDIA;;BIONDA MEDIA;2,00;5,00;10,00
20;3;FESTA D'AUTUNNO 2026;5;2026-09-05;15:43:39;2026-09-05;L;T;C;409;;BAR;I;COCACOLA;;COCACOLA;2,00;3,50;7,00
20;3;FESTA D'AUTUNNO 2026;5;2026-09-05;15:43:39;2026-09-05;L;T;C;409;;BAR;I;ARANCIATA;;ARANCIATA;1,00;3,00;3,00
20;3;FESTA D'AUTUNNO 2026;5;2026-09-05;15:43:39;2026-09-05;L;T;C;409;;BAR;I;ACQUA FRIZZANTE LITRO;;ACQUA FRIZZANTE LITRO;1,00;3,00;3,00
20;3;FESTA D'AUTUNNO 2026;6;2026-09-06;01:01:44;2026-09-05;D;T;C;106;;PRIMI;K;PENNE RAGU';;PENNE RAGU';1,00;6,00;6,00
20;3;FESTA D'AUTUNNO 2026;6;2026-09-06;01:01:44;2026-09-05;D;T;C;106;;PRIMI;K;PENNE FORMAGGI;;PENNE FORMAGGI;2,00;6,00;12,00
20;3;FESTA D'AUTUNNO 2026;6;2026-09-06;01:01:44;2026-09-05;D;T;C;106;;PRIMI;K;GNOCCHI RAGU';;GNOCCHI RAGU';2,00;6,00;12,00
20;3;FESTA D'AUTUNNO 2026;6;2026-09-06;01:01:44;2026-09-05;D;T;C;106;;SECONDI;K;BRACIOLA;;BRACIOLA;1,00;7,00;7,00
20;3;FESTA D'AUTUNNO 2026;6;2026-09-06;01:01:44;2026-09-05;D;T;C;106;;SECONDI;K;SALSICCE;;SALSICCE;2,00;6,00;12,00
20;3;FESTA D'AUTUNNO 2026;6;2026-09-06;01:01:44;2026-09-05;D;T;C;106;;SECONDI;K;BIS;;BIS;1,00;6,50;6,50
20;3;FESTA D'AUTUNNO 2026;6;2026-09-06;01:01:44;2026-09-05;D;T;C;106;;SECONDI;K;TRIS;;TRIS;1,00;11,00;11,00
20;3;FESTA D'AUTUNNO 2026;6;2026-09-06;01:01:44;2026-09-05;D;T;C;106;;SECONDI;I;PATATE FRITTE;;PATATE FRITTE;3,00;3,00;9,00
20;3;FESTA D'AUTUNNO 2026;6;2026-09-06;01:01:44;2026-09-05;D;T;C;106;;SECONDI;I;FAGIOLI CIPOLLA;;FAGIOLI CIPOLLA;1,00;3,00;3,00
20;3;FESTA D'AUTUNNO 2026;6;2026-09-06;01:01:44;2026-09-05;D;T;C;106;;SECONDI;I;VERDURE GRIGLIATE;;VERDURE GRIGLIATE;1,00;3,50;3,50
20;3;FESTA D'AUTUNNO 2026;6;2026-09-06;01:01:44;2026-09-05;D;T;C;106;;BAR;I;CARAFFA BIONDA;;CARAFFA BIONDA;1,00;12,00;12,00
20;3;FESTA D'AUTUNNO 2026;6;2026-09-06;01:01:44;2026-09-05;D;T;C;106;;BAR;I;ACQUA NATURALE LITRO;;ACQUA NATURALE LITRO;1,00;3,00;3,00
20;3;FESTA D'AUTUNNO 2026;6;2026-09-06;01:01:44;2026-09-05;D;T;C;106;;BAR;I;COCACOLA;;COCACOLA;2,00;3,50;7,00
20;3;FESTA D'AUTUNNO 2026;6;2026-09-06;01:01:44;2026-09-05;D;T;C;106;;BAR;I;SGROPPINO;;SGROPPINO;4,00;2,50;10,00
20;3;FESTA D'AUTUNNO 2026;7;2026-09-06;01:03:20;2026-09-05;D;T;C;106;;PRIMI;K;GNOCCHI RAGU';;GNOCCHI RAGU';3,00;6,00;18,00
20;3;FESTA D'AUTUNNO 2026;7;2026-09-06;01:03:20;2026-09-05;D;T;C;106;;SECONDI;K;BIS;;BIS;2,00;6,50;13,00
20;3;FESTA D'AUTUNNO 2026;7;2026-09-06;01:03:20;2026-09-05;D;T;C;106;;SECONDI;K;TRIS;;TRIS;1,00;11,00;11,00
20;3;FESTA D'AUTUNNO 2026;7;2026-09-06;01:03:20;2026-09-05;D;T;C;106;;SECONDI;I;PATATE FRITTE;;PATATE FRITTE;2,00;3,00;6,00
20;3;FESTA D'AUTUNNO 2026;7;2026-09-06;01:03:20;2026-09-05;D;T;C;106;;SECONDI;I;FAGIOLI CIPOLLA;;FAGIOLI CIPOLLA;1,00;3,00;3,00
20;3;FESTA D'AUTUNNO 2026;7;2026-09-06;01:03:20;2026-09-05;D;T;C;106;;BAR;I;BIONDA MEDIA;;BIONDA MEDIA;2,00;5,00;10,00
20;3;FESTA D'AUTUNNO 2026;7;2026-09-06;01:03:20;2026-09-05;D;T;C;106;;BAR;I;ROSSA MEDIA;;ROSSA MEDIA;1,00;5,50;5,50
20;3;FESTA D'AUTUNNO 2026;7;2026-09-06;01:03:20;2026-09-05;D;T;C;106;;BAR;I;SGROPPINO;;SGROPPINO;3,00;2,50;7,50
20;3;FESTA D'AUTUNNO 2026;8;2026-09-06;01:04:11;2026-09-05;D;T;E;304;;PRIMI;K;GNOCCHI RAGU';;GNOCCHI RAGU';2,00;6,00;12,00
20;3;FESTA D'AUTUNNO 2026;8;2026-09-06;01:04:11;2026-09-05;D;T;E;304;;PRIMI;K;GNOCCHI FORMAGGI;;GNOCCHI FORMAGGI;2,00;6,00;12,00
20;3;FESTA D'AUTUNNO 2026;8;2026-09-06;01:04:11;2026-09-05;D;T;E;304;;PRIMI;I;LASAGNE AUTUNNO;;LASAGNE AUTUNNO;1,00;7,50;7,50
20;3;FESTA D'AUTUNNO 2026;8;2026-09-06;01:04:11;2026-09-05;D;T;E;304;;SECONDI;K;TRIS;;TRIS;3,00;11,00;33,00
20;3;FESTA D'AUTUNNO 2026;8;2026-09-06;01:04:11;2026-09-05;D;T;E;304;;SECONDI;K;PIATTO SAGRA;;PIATTO SAGRA;2,00;14,00;28,00
20;3;FESTA D'AUTUNNO 2026;8;2026-09-06;01:04:11;2026-09-05;D;T;E;304;;BAR;I;CARAFFA BIONDA;;CARAFFA BIONDA;1,00;12,00;12,00
20;3;FESTA D'AUTUNNO 2026;8;2026-09-06;01:04:11;2026-09-05;D;T;E;304;;BAR;I;COCACOLA;;COCACOLA;3,00;3,50;10,50
20;3;FESTA D'AUTUNNO 2026;8;2026-09-06;01:04:11;2026-09-05;D;T;E;304;;BAR;I;ARANCIATA;;ARANCIATA;1,00;3,00;3,00
20;3;FESTA D'AUTUNNO 2026;8;2026-09-06;01:04:11;2026-09-05;D;T;E;304;;BAR;I;ACQUA NATURALE LITRO;;ACQUA NATURALE LITRO;1,00;3,00;3,00
20;3;FESTA D'AUTUNNO 2026;8;2026-09-06;01:04:11;2026-09-05;D;T;E;304;;BAR;I;CREMA CAFFE';;CREMA CAFFE';2,00;2,50;5,00
20;3;FESTA D'AUTUNNO 2026;8;2026-09-06;01:04:11;2026-09-05;D;T;E;304;;BAR;I;SGROPPINO;;SGROPPINO;3,00;2,50;7,50
20;3;FESTA D'AUTUNNO 2026;9;2026-09-06;01:05:55;2026-09-05;D;A;E;;PIPPO BAUDO;PRIMI;K;PENNE RAGU';;PENNE RAGU';3,00;6,00;18,00
20;3;FESTA D'AUTUNNO 2026;9;2026-09-06;01:05:55;2026-09-05;D;A;E;;PIPPO BAUDO;PRIMI;K;PENNE FORMAGGI;;PENNE FORMAGGI;3,00;6,00;18,00
20;3;FESTA D'AUTUNNO 2026;9;2026-09-06;01:05:55;2026-09-05;D;A;E;;PIPPO BAUDO;PRIMI;K;GNOCCHI RAGU';;GNOCCHI RAGU';3,00;6,00;18,00
20;3;FESTA D'AUTUNNO 2026;9;2026-09-06;01:05:55;2026-09-05;D;A;E;;PIPPO BAUDO;PRIMI;K;GNOCCHI FORMAGGI;;GNOCCHI FORMAGGI;3,00;6,00;18,00
20;3;FESTA D'AUTUNNO 2026;9;2026-09-06;01:05:55;2026-09-05;D;A;E;;PIPPO BAUDO;SECONDI;K;SALSICCE;;SALSICCE;3,00;6,00;18,00
20;3;FESTA D'AUTUNNO 2026;9;2026-09-06;01:05:55;2026-09-05;D;A;E;;PIPPO BAUDO;SECONDI;K;COSTICINE;;COSTICINE;3,00;6,00;18,00
20;3;FESTA D'AUTUNNO 2026;9;2026-09-06;01:05:55;2026-09-05;D;A;E;;PIPPO BAUDO;SECONDI;K;BRACIOLA;;BRACIOLA;5,00;7,00;35,00
20;3;FESTA D'AUTUNNO 2026;9;2026-09-06;01:05:55;2026-09-05;D;A;E;;PIPPO BAUDO;SECONDI;K;TRIS;;TRIS;1,00;11,00;11,00
20;3;FESTA D'AUTUNNO 2026;9;2026-09-06;01:05:55;2026-09-05;D;A;E;;PIPPO BAUDO;SECONDI;I;PATATE FRITTE;;PATATE FRITTE;10,00;3,00;30,00
20;3;FESTA D'AUTUNNO 2026;10;2026-09-06;01:07:49;2026-09-05;D;T;E;203;Filippo;PRIMI;K;GNOCCHI RAGU';;GNOCCHI RAGU';3,00;6,00;18,00
20;3;FESTA D'AUTUNNO 2026;10;2026-09-06;01:07:49;2026-09-05;D;T;E;203;Filippo;PRIMI;K;GNOCCHI FORMAGGI;;GNOCCHI FORMAGGI;2,00;6,00;12,00
20;3;FESTA D'AUTUNNO 2026;10;2026-09-06;01:07:49;2026-09-05;D;T;E;203;Filippo;SECONDI;K;BIS;;BIS;2,00;6,50;13,00
20;3;FESTA D'AUTUNNO 2026;10;2026-09-06;01:07:49;2026-09-05;D;T;E;203;Filippo;SECONDI;K;TRIS;;TRIS;3,00;11,00;33,00
20;3;FESTA D'AUTUNNO 2026;10;2026-09-06;01:07:49;2026-09-05;D;T;E;203;Filippo;SECONDI;I;PATATE FRITTE;;PATATE FRITTE;3,00;3,00;9,00
20;3;FESTA D'AUTUNNO 2026;10;2026-09-06;01:07:49;2026-09-05;D;T;E;203;Filippo;SECONDI;I;FAGIOLI CIPOLLA;;FAGIOLI CIPOLLA;2,00;3,00;6,00
20;3;FESTA D'AUTUNNO 2026;10;2026-09-06;01:07:49;2026-09-05;D;T;E;203;Filippo;BAR;I;CARAFFA BIONDA;;CARAFFA BIONDA;1,00;12,00;12,00
20;3;FESTA D'AUTUNNO 2026;10;2026-09-06;01:07:49;2026-09-05;D;T;E;203;Filippo;BAR;I;ROSSA MEDIA;;ROSSA MEDIA;2,00;5,50;11,00
20;3;FESTA D'AUTUNNO 2026;10;2026-09-06;01:07:49;2026-09-05;D;T;E;203;Filippo;BAR;I;ACQUA NATURALE LITRO;;ACQUA NATURALE LITRO;1,00;3,00;3,00
20;3;FESTA D'AUTUNNO 2026;10;2026-09-06;01:07:49;2026-09-05;D;T;E;203;Filippo;BAR;I;MERINGATA;;MERINGATA;2,00;3,50;7,00
20;3;FESTA D'AUTUNNO 2026;10;2026-09-06;01:07:49;2026-09-05;D;T;E;203;Filippo;BAR;I;TARTUFO BIANCO;;TARTUFO BIANCO;1,00;3,50;3,50
20;3;FESTA D'AUTUNNO 2026;10;2026-09-06;01:07:49;2026-09-05;D;T;E;203;Filippo;BAR;I;TARTUFO NERO;;TARTUFO NERO;1,00;3,50;3,50
20;3;FESTA D'AUTUNNO 2026;10;2026-09-06;01:07:49;2026-09-05;D;T;E;203;Filippo;BAR;I;CAFFE';;CAFFE';1,00;1,00;1,00
20;3;FESTA D'AUTUNNO 2026;10;2026-09-06;01:07:49;2026-09-05;D;T;E;203;Filippo;BAR;I;CAFFE';CORRETTO GRAPPA;CAFFE' CORRETTO GRAPPA;4,00;1,50;6,00
20;3;FESTA D'AUTUNNO 2026;11;2026-09-06;08:33:41;2026-09-05;D;T;C;206;;PRIMI;K;GNOCCHI RAGU';;GNOCCHI RAGU';1,00;6,00;6,00
20;3;FESTA D'AUTUNNO 2026;11;2026-09-06;08:33:41;2026-09-05;D;T;C;206;;PRIMI;K;GNOCCHI FORMAGGI;;GNOCCHI FORMAGGI;1,00;6,00;6,00
20;3;FESTA D'AUTUNNO 2026;11;2026-09-06;08:33:41;2026-09-05;D;T;C;206;;SECONDI;K;BRACIOLA;;BRACIOLA;1,00;7,00;7,00
20;3;FESTA D'AUTUNNO 2026;11;2026-09-06;08:33:41;2026-09-05;D;T;C;206;;SECONDI;K;BIS;;BIS;1,00;6,50;6,50
20;3;FESTA D'AUTUNNO 2026;11;2026-09-06;08:33:41;2026-09-05;D;T;C;206;;BAR;I;BIONDA MEDIA;;BIONDA MEDIA;2,00;5,00;10,00
20;3;FESTA D'AUTUNNO 2026;12;2026-09-06;08:56:45;2026-09-05;D;T;E;206;Davide;PRIMI;K;GNOCCHI FORMAGGI;;GNOCCHI FORMAGGI;2,00;6,00;12,00
20;3;FESTA D'AUTUNNO 2026;12;2026-09-06;08:56:45;2026-09-05;D;T;E;206;Davide;SECONDI;K;SALSICCE;;SALSICCE;1,00;6,00;6,00
20;3;FESTA D'AUTUNNO 2026;12;2026-09-06;08:56:45;2026-09-05;D;T;E;206;Davide;SECONDI;K;BRACIOLA;;BRACIOLA;1,00;7,00;7,00
20;3;FESTA D'AUTUNNO 2026;12;2026-09-06;08:56:45;2026-09-05;D;T;E;206;Davide;SECONDI;K;TRIS;;TRIS;2,00;11,00;22,00
20;3;FESTA D'AUTUNNO 2026;12;2026-09-06;08:56:45;2026-09-05;D;T;E;206;Davide;BAR;I;BIONDA MEDIA;;BIONDA MEDIA;3,00;5,00;15,00
20;3;FESTA D'AUTUNNO 2026;12;2026-09-06;08:56:45;2026-09-05;D;T;E;206;Davide;BAR;I;ROSSA MEDIA;;ROSSA MEDIA;1,00;5,50;5,50
20;3;FESTA D'AUTUNNO 2026;13;2026-09-06;09:14:59;2026-09-05;D;T;E;205;;PRIMI;K;PENNE RAGU';;PENNE RAGU';2,00;6,00;12,00
20;3;FESTA D'AUTUNNO 2026;13;2026-09-06;09:14:59;2026-09-05;D;T;E;205;;PRIMI;I;LASAGNE AUTUNNO;;LASAGNE AUTUNNO;1,00;7,50;7,50
20;3;FESTA D'AUTUNNO 2026;13;2026-09-06;09:14:59;2026-09-05;D;T;E;205;;PRIMI;I;ANTIPASTO AUTUNNO;;ANTIPASTO AUTUNNO;1,00;6,00;6,00
20;3;FESTA D'AUTUNNO 2026;13;2026-09-06;09:14:59;2026-09-05;D;T;E;205;;SECONDI;K;SALSICCE;;SALSICCE;1,00;6,00;6,00
20;3;FESTA D'AUTUNNO 2026;13;2026-09-06;09:14:59;2026-09-05;D;T;E;205;;SECONDI;K;COSTICINE;;COSTICINE;1,00;6,00;6,00
20;3;FESTA D'AUTUNNO 2026;13;2026-09-06;09:14:59;2026-09-05;D;T;E;205;;SECONDI;K;BRACIOLA;;BRACIOLA;1,00;7,00;7,00
20;3;FESTA D'AUTUNNO 2026;13;2026-09-06;09:14:59;2026-09-05;D;T;E;205;;BAR;I;BIONDA MEDIA;;BIONDA MEDIA;3,00;5,00;15,00
20;3;FESTA D'AUTUNNO 2026;14;2026-09-06;09:15:38;2026-09-05;D;T;C;306;;PRIMI;K;GNOCCHI RAGU';;GNOCCHI RAGU';1,00;6,00;6,00
20;3;FESTA D'AUTUNNO 2026;14;2026-09-06;09:15:38;2026-09-05;D;T;C;306;;PRIMI;K;GNOCCHI FORMAGGI;;GNOCCHI FORMAGGI;1,00;6,00;6,00
20;3;FESTA D'AUTUNNO 2026;14;2026-09-06;09:15:38;2026-09-05;D;T;C;306;;SECONDI;K;BRACIOLA;;BRACIOLA;2,00;7,00;14,00
20;3;FESTA D'AUTUNNO 2026;14;2026-09-06;09:15:38;2026-09-05;D;T;C;306;;SECONDI;I;PATATE FRITTE;;PATATE FRITTE;2,00;3,00;6,00
20;3;FESTA D'AUTUNNO 2026;14;2026-09-06;09:15:38;2026-09-05;D;T;C;306;;BAR;I;BIONDA MEDIA;;BIONDA MEDIA;1,00;5,00;5,00
20;3;FESTA D'AUTUNNO 2026;14;2026-09-06;09:15:38;2026-09-05;D;T;C;306;;BAR;I;ROSSA MEDIA;;ROSSA MEDIA;1,00;5,50;5,50
20;3;FESTA D'AUTUNNO 2026;15;2026-09-06;14:20:04;2026-09-06;L;T;C;114;;PRIMI;K;PENNE RAGU';;PENNE RAGU';1,00;6,00;6,00
20;3;FESTA D'AUTUNNO 2026;15;2026-09-06;14:20:04;2026-09-06;L;T;C;114;;PRIMI;K;PENNE FORMAGGI;;PENNE FORMAGGI;1,00;6,00;6,00
20;3;FESTA D'AUTUNNO 2026;15;2026-09-06;14:20:04;2026-09-06;L;T;C;114;;PRIMI;K;GNOCCHI RAGU';;GNOCCHI RAGU';1,00;6,00;6,00
20;3;FESTA D'AUTUNNO 2026;15;2026-09-06;14:20:04;2026-09-06;L;T;C;114;;PRIMI;K;GNOCCHI FORMAGGI;;GNOCCHI FORMAGGI;1,00;6,00;6,00
20;3;FESTA D'AUTUNNO 2026;15;2026-09-06;14:20:04;2026-09-06;L;T;C;114;;PRIMI;I;TAGLIATELLE FUNGHI;;TAGLIATELLE FUNGHI;1,00;7,00;7,00
20;3;FESTA D'AUTUNNO 2026;15;2026-09-06;14:20:04;2026-09-06;L;T;C;114;;PRIMI;I;LASAGNE AUTUNNO;;LASAGNE AUTUNNO;1,00;7,50;7,50
20;3;FESTA D'AUTUNNO 2026;15;2026-09-06;14:20:04;2026-09-06;L;T;C;114;;PRIMI;I;ANTIPASTO AUTUNNO;;ANTIPASTO AUTUNNO;2,00;6,00;12,00
20;3;FESTA D'AUTUNNO 2026;15;2026-09-06;14:20:04;2026-09-06;L;T;C;114;;SECONDI;K;SALSICCE;;SALSICCE;2,00;6,00;12,00
20;3;FESTA D'AUTUNNO 2026;15;2026-09-06;14:20:04;2026-09-06;L;T;C;114;;SECONDI;K;BRACIOLA;;BRACIOLA;1,00;7,00;7,00
20;3;FESTA D'AUTUNNO 2026;15;2026-09-06;14:20:04;2026-09-06;L;T;C;114;;SECONDI;K;BIS;;BIS;1,00;6,50;6,50
20;3;FESTA D'AUTUNNO 2026;15;2026-09-06;14:20:04;2026-09-06;L;T;C;114;;SECONDI;K;PIATTO SAGRA;;PIATTO SAGRA;2,00;14,00;28,00
20;3;FESTA D'AUTUNNO 2026;15;2026-09-06;14:20:04;2026-09-06;L;T;C;114;;SECONDI;I;PATATE FRITTE;;PATATE FRITTE;4,00;3,00;12,00
20;3;FESTA D'AUTUNNO 2026;15;2026-09-06;14:20:04;2026-09-06;L;T;C;114;;SECONDI;I;FAGIOLI CIPOLLA;;FAGIOLI CIPOLLA;2,00;3,00;6,00
20;3;FESTA D'AUTUNNO 2026;15;2026-09-06;14:20:04;2026-09-06;L;T;C;114;;BAR;I;CARAFFA BIONDA;;CARAFFA BIONDA;1,00;12,00;12,00
20;3;FESTA D'AUTUNNO 2026;15;2026-09-06;14:20:04;2026-09-06;L;T;C;114;;BAR;I;CARAFFA ROSSA;;CARAFFA ROSSA;1,00;13,00;13,00
20;3;FESTA D'AUTUNNO 2026;15;2026-09-06;14:20:04;2026-09-06;L;T;C;114;;BAR;I;BOTTIGLIA PROSECCO;;BOTTIGLIA PROSECCO;1,00;7,00;7,00
20;3;FESTA D'AUTUNNO 2026;15;2026-09-06;14:20:04;2026-09-06;L;T;C;114;;BAR;I;BOTTIGLIA CABERNET;;BOTTIGLIA CABERNET;1,00;8,00;8,00
20;3;FESTA D'AUTUNNO 2026;16;2026-09-06;15:28:52;2026-09-06;L;T;E;413;Gianni;PRIMI;K;PENNE RAGU';;PENNE RAGU';1,00;6,00;6,00
20;3;FESTA D'AUTUNNO 2026;16;2026-09-06;15:28:52;2026-09-06;L;T;E;413;Gianni;PRIMI;K;GNOCCHI RAGU';;GNOCCHI RAGU';1,00;6,00;6,00
20;3;FESTA D'AUTUNNO 2026;16;2026-09-06;15:28:52;2026-09-06;L;T;E;413;Gianni;PRIMI;K;GNOCCHI ANATRA;;GNOCCHI ANATRA;1,00;7,00;7,00
20;3;FESTA D'AUTUNNO 2026;16;2026-09-06;15:28:52;2026-09-06;L;T;E;413;Gianni;PRIMI;I;ANTIPASTO AUTUNNO;;ANTIPASTO AUTUNNO;1,00;6,00;6,00
20;3;FESTA D'AUTUNNO 2026;16;2026-09-06;15:28:52;2026-09-06;L;T;E;413;Gianni;SECONDI;K;SALSICCE;;SALSICCE;1,00;6,00;6,00
20;3;FESTA D'AUTUNNO 2026;16;2026-09-06;15:28:52;2026-09-06;L;T;E;413;Gianni;SECONDI;K;BRACIOLA;;BRACIOLA;1,00;7,00;7,00
20;3;FESTA D'AUTUNNO 2026;16;2026-09-06;15:28:52;2026-09-06;L;T;E;413;Gianni;SECONDI;K;PIATTO SAGRA;;PIATTO SAGRA;1,00;14,00;14,00
20;3;FESTA D'AUTUNNO 2026;16;2026-09-06;15:28:52;2026-09-06;L;T;E;413;Gianni;SECONDI;I;PATATE FRITTE;;PATATE FRITTE;2,00;3,00;6,00
20;3;FESTA D'AUTUNNO 2026;16;2026-09-06;15:28:52;2026-09-06;L;T;E;413;Gianni;BAR;I;BIONDA MEDIA;;BIONDA MEDIA;2,00;5,00;10,00
20;3;FESTA D'AUTUNNO 2026;16;2026-09-06;15:28:52;2026-09-06;L;T;E;413;Gianni;BAR;I;ROSSA MEDIA;;ROSSA MEDIA;1,00;5,50;5,50
20;3;FESTA D'AUTUNNO 2026;17;2026-09-06;15:29:53;2026-09-06;L;A;E;;Massimo Mattelato;SECONDI;K;BRACIOLA;;BRACIOLA;2,00;7,00;14,00
20;3;FESTA D'AUTUNNO 2026;17;2026-09-06;15:29:53;2026-09-06;L;A;E;;Massimo Mattelato;SECONDI;K;BIS;;BIS;1,00;6,50;6,50
20;3;FESTA D'AUTUNNO 2026;17;2026-09-06;15:29:53;2026-09-06;L;A;E;;Massimo Mattelato;SECONDI;K;TRIS;;TRIS;2,00;11,00;22,00
20;3;FESTA D'AUTUNNO 2026;17;2026-09-06;15:29:53;2026-09-06;L;A;E;;Massimo Mattelato;SECONDI;K;PIATTO SAGRA;;PIATTO SAGRA;1,00;14,00;14,00
20;3;FESTA D'AUTUNNO 2026;17;2026-09-06;15:29:53;2026-09-06;L;A;E;;Massimo Mattelato;SECONDI;I;PATATE FRITTE;;PATATE FRITTE;5,00;3,00;15,00
20;3;FESTA D'AUTUNNO 2026;18;2026-09-06;15:31:16;2026-09-06;L;T;E;204;;PRIMI;K;PENNE RAGU';;PENNE RAGU';1,00;6,00;6,00
20;3;FESTA D'AUTUNNO 2026;18;2026-09-06;15:31:16;2026-09-06;L;T;E;204;;PRIMI;K;PENNE FORMAGGI;;PENNE FORMAGGI;1,00;6,00;6,00
20;3;FESTA D'AUTUNNO 2026;18;2026-09-06;15:31:16;2026-09-06;L;T;E;204;;PRIMI;K;GNOCCHI FORMAGGI;;GNOCCHI FORMAGGI;1,00;6,00;6,00
20;3;FESTA D'AUTUNNO 2026;18;2026-09-06;15:31:16;2026-09-06;L;T;E;204;;PRIMI;K;GNOCCHI ANATRA;;GNOCCHI ANATRA;1,00;7,00;7,00
20;3;FESTA D'AUTUNNO 2026;18;2026-09-06;15:31:16;2026-09-06;L;T;E;204;;SECONDI;K;SALSICCE;;SALSICCE;2,00;6,00;12,00
20;3;FESTA D'AUTUNNO 2026;18;2026-09-06;15:31:16;2026-09-06;L;T;E;204;;SECONDI;K;BRACIOLA;;BRACIOLA;2,00;7,00;14,00
20;3;FESTA D'AUTUNNO 2026;18;2026-09-06;15:31:16;2026-09-06;L;T;E;204;;SECONDI;I;PATATE FRITTE;;PATATE FRITTE;4,00;3,00;12,00
20;3;FESTA D'AUTUNNO 2026;18;2026-09-06;15:31:16;2026-09-06;L;T;E;204;;BAR;I;BIONDA MEDIA;;BIONDA MEDIA;3,00;5,00;15,00
20;3;FESTA D'AUTUNNO 2026;18;2026-09-06;15:31:16;2026-09-06;L;T;E;204;;BAR;I;ROSSO MEZZO;;ROSSO MEZZO;1,00;2,50;2,50
20;3;FESTA D'AUTUNNO 2026;18;2026-09-06;15:31:16;2026-09-06;L;T;E;204;;BAR;I;CROSTATA;;CROSTATA;1,00;3,50;3,50
20;3;FESTA D'AUTUNNO 2026;18;2026-09-06;15:31:16;2026-09-06;L;T;E;204;;BAR;I;PROFITEROLES;;PROFITEROLES;1,00;3,50;3,50
20;3;FESTA D'AUTUNNO 2026;18;2026-09-06;15:31:16;2026-09-06;L;T;E;204;;BAR;I;TORTA NONNA;;TORTA NONNA;1,00;3,50;3,50
20;3;FESTA D'AUTUNNO 2026;18;2026-09-06;15:31:16;2026-09-06;L;T;E;204;;BAR;I;MERINGATA;;MERINGATA;1,00;3,50;3,50
20;3;FESTA D'AUTUNNO 2026;18;2026-09-06;15:31:16;2026-09-06;L;T;E;204;;BAR;I;CAFFE';CORRETTO GRAPPA;CAFFE' CORRETTO GRAPPA;1,00;1,50;1,50
20;3;FESTA D'AUTUNNO 2026;18;2026-09-06;15:31:16;2026-09-06;L;T;E;204;;BAR;I;CAFFE';;CAFFE';2,00;1,00;2,00
20;3;FESTA D'AUTUNNO 2026;18;2026-09-06;15:31:16;2026-09-06;L;T;E;204;;BAR;I;CAFFE';CORRETTO SANBUCA;CAFFE' CORRETTO SANBUCA;1,00;1,50;1,50
20;3;FESTA D'AUTUNNO 2026;18;2026-09-06;15:31:16;2026-09-06;L;T;E;204;;BAR;I;DECAFFEINATO;;DECAFFEINATO;1,00;1,20;1,20
20;3;FESTA D'AUTUNNO 2026;19;2026-09-06;16:59:46;2026-09-06;L;T;C;412;;PRIMI;K;GNOCCHI RAGU';;GNOCCHI RAGU';2,00;6,00;12,00
20;3;FESTA D'AUTUNNO 2026;19;2026-09-06;16:59:46;2026-09-06;L;T;C;412;;PRIMI;K;GNOCCHI FORMAGGI;;GNOCCHI FORMAGGI;2,00;6,00;12,00
20;3;FESTA D'AUTUNNO 2026;19;2026-09-06;16:59:46;2026-09-06;L;T;C;412;;PRIMI;K;GNOCCHI ANATRA;;GNOCCHI ANATRA;1,00;7,00;7,00
20;3;FESTA D'AUTUNNO 2026;19;2026-09-06;16:59:46;2026-09-06;L;T;C;412;;PRIMI;I;ANTIPASTO AUTUNNO;;ANTIPASTO AUTUNNO;1,00;6,00;6,00
20;3;FESTA D'AUTUNNO 2026;19;2026-09-06;16:59:46;2026-09-06;L;T;C;412;;SECONDI;K;SALSICCE;;SALSICCE;2,00;6,00;12,00
20;3;FESTA D'AUTUNNO 2026;19;2026-09-06;16:59:46;2026-09-06;L;T;C;412;;SECONDI;K;BIS;;BIS;1,00;6,50;6,50
20;3;FESTA D'AUTUNNO 2026;19;2026-09-06;16:59:46;2026-09-06;L;T;C;412;;SECONDI;K;TRIS;;TRIS;1,00;11,00;11,00
20;3;FESTA D'AUTUNNO 2026;19;2026-09-06;16:59:46;2026-09-06;L;T;C;412;;SECONDI;K;PIATTO SAGRA;;PIATTO SAGRA;1,00;14,00;14,00
20;3;FESTA D'AUTUNNO 2026;19;2026-09-06;16:59:46;2026-09-06;L;T;C;412;;SECONDI;I;PATATE FRITTE;;PATATE FRITTE;3,00;3,00;9,00
20;3;FESTA D'AUTUNNO 2026;19;2026-09-06;16:59:46;2026-09-06;L;T;C;412;;SECONDI;I;VERDURE GRIGLIATE;;VERDURE GRIGLIATE;1,00;3,50;3,50
20;3;FESTA D'AUTUNNO 2026;19;2026-09-06;16:59:46;2026-09-06;L;T;C;412;;BAR;I;CARAFFA BIONDA;;CARAFFA BIONDA;1,00;12,00;12,00
20;3;FESTA D'AUTUNNO 2026;19;2026-09-06;16:59:46;2026-09-06;L;T;C;412;;BAR;I;ACQUA NATURALE LITRO;;ACQUA NATURALE LITRO;1,00;3,00;3,00
20;3;FESTA D'AUTUNNO 2026;20;2026-09-06;17:00:23;2026-09-06;L;A;E;;Riccardo Remone;SECONDI;K;BIS;;BIS;2,00;6,50;13,00
20;3;FESTA D'AUTUNNO 2026;20;2026-09-06;17:00:23;2026-09-06;L;A;E;;Riccardo Remone;SECONDI;K;TRIS;;TRIS;2,00;11,00;22,00
20;3;FESTA D'AUTUNNO 2026;20;2026-09-06;17:00:23;2026-09-06;L;A;E;;Riccardo Remone;SECONDI;K;BRACIOLA;;BRACIOLA;2,00;7,00;14,00
20;3;FESTA D'AUTUNNO 2026;20;2026-09-06;17:00:23;2026-09-06;L;A;E;;Riccardo Remone;SECONDI;K;SALSICCE;;SALSICCE;4,00;6,00;24,00
20;3;FESTA D'AUTUNNO 2026;21;2026-09-06;17:01:33;2026-09-06;L;T;E;406;;PRIMI;K;PENNE RAGU';;PENNE RAGU';2,00;6,00;12,00
20;3;FESTA D'AUTUNNO 2026;21;2026-09-06;17:01:33;2026-09-06;L;T;E;406;;PRIMI;K;GNOCCHI RAGU';;GNOCCHI RAGU';1,00;6,00;6,00
20;3;FESTA D'AUTUNNO 2026;21;2026-09-06;17:01:33;2026-09-06;L;T;E;406;;PRIMI;I;LASAGNE AUTUNNO;;LASAGNE AUTUNNO;1,00;7,50;7,50
20;3;FESTA D'AUTUNNO 2026;21;2026-09-06;17:01:33;2026-09-06;L;T;E;406;;SECONDI;K;SALSICCE;;SALSICCE;2,00;6,00;12,00
20;3;FESTA D'AUTUNNO 2026;21;2026-09-06;17:01:33;2026-09-06;L;T;E;406;;SECONDI;K;TRIS;;TRIS;1,00;11,00;11,00
20;3;FESTA D'AUTUNNO 2026;21;2026-09-06;17:01:33;2026-09-06;L;T;E;406;;SECONDI;K;PIATTO SAGRA;;PIATTO SAGRA;1,00;14,00;14,00
20;3;FESTA D'AUTUNNO 2026;21;2026-09-06;17:01:33;2026-09-06;L;T;E;406;;SECONDI;I;PATATE FRITTE;;PATATE FRITTE;2,00;3,00;6,00
20;3;FESTA D'AUTUNNO 2026;21;2026-09-06;17:01:33;2026-09-06;L;T;E;406;;SECONDI;I;FAGIOLI CIPOLLA;;FAGIOLI CIPOLLA;1,00;3,00;3,00
20;3;FESTA D'AUTUNNO 2026;21;2026-09-06;17:01:33;2026-09-06;L;T;E;406;;BAR;I;BIONDA MEDIA;;BIONDA MEDIA;2,00;5,00;10,00
20;3;FESTA D'AUTUNNO 2026;21;2026-09-06;17:01:33;2026-09-06;L;T;E;406;;BAR;I;ROSSA MEDIA;;ROSSA MEDIA;1,00;5,50;5,50
20;3;FESTA D'AUTUNNO 2026;21;2026-09-06;17:01:33;2026-09-06;L;T;E;406;;BAR;I;ACQUA NATURALE LITRO;;ACQUA NATURALE LITRO;1,00;3,00;3,00
20;3;FESTA D'AUTUNNO 2026;21;2026-09-06;17:01:33;2026-09-06;L;T;E;406;;BAR;I;TORTA NONNA;;TORTA NONNA;2,00;3,50;7,00
20;3;FESTA D'AUTUNNO 2026;21;2026-09-06;17:01:33;2026-09-06;L;T;E;406;;BAR;I;CROSTATA;;CROSTATA;1,00;3,50;3,50
20;3;FESTA D'AUTUNNO 2026;21;2026-09-06;17:01:33;2026-09-06;L;T;E;406;;BAR;I;PROFITEROLES;;PROFITEROLES;1,00;3,50;3,50
20;3;FESTA D'AUTUNNO 2026;21;2026-09-06;17:01:33;2026-09-06;L;T;E;406;;BAR;I;CAFFE';;CAFFE';2,00;1,00;2,00
20;3;FESTA D'AUTUNNO 2026;21;2026-09-06;17:01:33;2026-09-06;L;T;E;406;;BAR;I;CAFFE';CORRETTO GRAPPA;CAFFE' CORRETTO GRAPPA;1,00;1,50;1,50
20;3;FESTA D'AUTUNNO 2026;21;2026-09-06;17:01:33;2026-09-06;L;T;E;406;;BAR;I;DECAFFEINATO;;DECAFFEINATO;1,00;1,20;1,20
20;3;FESTA D'AUTUNNO 2026;22;2026-09-06;17:18:29;2026-09-06;L;T;C;106;;PRIMI;K;GNOCCHI RAGU';;GNOCCHI RAGU';1,00;6,00;6,00
20;3;FESTA D'AUTUNNO 2026;22;2026-09-06;17:18:29;2026-09-06;L;T;C;106;;PRIMI;K;GNOCCHI FORMAGGI;;GNOCCHI FORMAGGI;1,00;6,00;6,00
20;3;FESTA D'AUTUNNO 2026;22;2026-09-06;17:18:29;2026-09-06;L;T;C;106;;SECONDI;K;BIS;;BIS;1,00;6,50;6,50
20;3;FESTA D'AUTUNNO 2026;22;2026-09-06;17:18:29;2026-09-06;L;T;C;106;;SECONDI;K;TRIS;;TRIS;1,00;11,00;11,00
20;3;FESTA D'AUTUNNO 2026;22;2026-09-06;17:18:29;2026-09-06;L;T;C;106;;SECONDI;I;VERDURE GRIGLIATE;;VERDURE GRIGLIATE;1,00;3,50;3,50
20;3;FESTA D'AUTUNNO 2026;22;2026-09-06;17:18:29;2026-09-06;L;T;C;106;;SECONDI;I;FAGIOLI CIPOLLA;;FAGIOLI CIPOLLA;1,00;3,00;3,00
20;3;FESTA D'AUTUNNO 2026;22;2026-09-06;17:18:29;2026-09-06;L;T;C;106;;BAR;I;CARAFFA BIONDA;;CARAFFA BIONDA;2,00;12,00;24,00
20;3;FESTA D'AUTUNNO 2026;22;2026-09-06;17:18:29;2026-09-06;L;T;C;106;;BAR;I;CAFFE';CORRETTO GRAPPA;CAFFE' CORRETTO GRAPPA;2,00;1,50;3,00
20;3;FESTA D'AUTUNNO 2026;23;2026-09-06;23:02:06;2026-09-06;D;A;E;;Filippo Ravaglia;PRIMI;K;GNOCCHI RAGU';;GNOCCHI RAGU';2,00;6,00;12,00
20;3;FESTA D'AUTUNNO 2026;23;2026-09-06;23:02:06;2026-09-06;D;A;E;;Filippo Ravaglia;PRIMI;K;GNOCCHI FORMAGGI;;GNOCCHI FORMAGGI;1,00;6,00;6,00
20;3;FESTA D'AUTUNNO 2026;23;2026-09-06;23:02:06;2026-09-06;D;A;E;;Filippo Ravaglia;PRIMI;K;GNOCCHI ANATRA;;GNOCCHI ANATRA;1,00;7,00;7,00
20;3;FESTA D'AUTUNNO 2026;23;2026-09-06;23:02:06;2026-09-06;D;A;E;;Filippo Ravaglia;PRIMI;I;TAGLIATELLE FUNGHI;;TAGLIATELLE FUNGHI;1,00;7,00;7,00
20;3;FESTA D'AUTUNNO 2026;23;2026-09-06;23:02:06;2026-09-06;D;A;E;;Filippo Ravaglia;PRIMI;I;LASAGNE AUTUNNO;;LASAGNE AUTUNNO;1,00;7,50;7,50
20;3;FESTA D'AUTUNNO 2026;23;2026-09-06;23:02:06;2026-09-06;D;A;E;;Filippo Ravaglia;SECONDI;K;SALSICCE;;SALSICCE;2,00;6,00;12,00
20;3;FESTA D'AUTUNNO 2026;23;2026-09-06;23:02:06;2026-09-06;D;A;E;;Filippo Ravaglia;SECONDI;K;BRACIOLA;;BRACIOLA;1,00;7,00;7,00
20;3;FESTA D'AUTUNNO 2026;23;2026-09-06;23:02:06;2026-09-06;D;A;E;;Filippo Ravaglia;SECONDI;K;BIS;;BIS;1,00;6,50;6,50
20;3;FESTA D'AUTUNNO 2026;23;2026-09-06;23:02:06;2026-09-06;D;A;E;;Filippo Ravaglia;SECONDI;K;TRIS;;TRIS;1,00;11,00;11,00
20;3;FESTA D'AUTUNNO 2026;23;2026-09-06;23:02:06;2026-09-06;D;A;E;;Filippo Ravaglia;SECONDI;K;PIATTO SAGRA;;PIATTO SAGRA;1,00;14,00;14,00
20;3;FESTA D'AUTUNNO 2026;23;2026-09-06;23:02:06;2026-09-06;D;A;E;;Filippo Ravaglia;SECONDI;I;PATATE FRITTE;;PATATE FRITTE;5,00;3,00;15,00
20;3;FESTA D'AUTUNNO 2026;24;2026-09-06;23:03:08;2026-09-06;D;T;C;205;;PRIMI;K;PENNE RAGU';;PENNE RAGU';1,00;6,00;6,00
20;3;FESTA D'AUTUNNO 2026;24;2026-09-06;23:03:08;2026-09-06;D;T;C;205;;PRIMI;K;GNOCCHI RAGU';;GNOCCHI RAGU';1,00;6,00;6,00
20;3;FESTA D'AUTUNNO 2026;24;2026-09-06;23:03:08;2026-09-06;D;T;C;205;;SECONDI;K;SALSICCE;;SALSICCE;1,00;6,00;6,00
20;3;FESTA D'AUTUNNO 2026;24;2026-09-06;23:03:08;2026-09-06;D;T;C;205;;SECONDI;K;BRACIOLA;;BRACIOLA;1,00;7,00;7,00
20;3;FESTA D'AUTUNNO 2026;24;2026-09-06;23:03:08;2026-09-06;D;T;C;205;;SECONDI;I;PATATE FRITTE;;PATATE FRITTE;2,00;3,00;6,00
20;3;FESTA D'AUTUNNO 2026;24;2026-09-06;23:03:08;2026-09-06;D;T;C;205;;BAR;I;COCACOLA;;COCACOLA;2,00;3,50;7,00
20;3;FESTA D'AUTUNNO 2026;24;2026-09-06;23:03:08;2026-09-06;D;T;C;205;;BAR;I;ACQUA NATURALE MEZZO;;ACQUA NATURALE MEZZO;1,00;2,00;2,00
20;3;FESTA D'AUTUNNO 2026;25;2026-09-06;23:05:03;2026-09-06;D;T;E;306;;PRIMI;I;TAGLIATELLE FUNGHI;;TAGLIATELLE FUNGHI;2,00;7,00;14,00
20;3;FESTA D'AUTUNNO 2026;25;2026-09-06;23:05:03;2026-09-06;D;T;E;306;;PRIMI;I;LASAGNE AUTUNNO;;LASAGNE AUTUNNO;1,00;7,50;7,50
20;3;FESTA D'AUTUNNO 2026;25;2026-09-06;23:05:03;2026-09-06;D;T;E;306;;PRIMI;I;RAVIOLI;;RAVIOLI;1,00;6,50;6,50
20;3;FESTA D'AUTUNNO 2026;25;2026-09-06;23:05:03;2026-09-06;D;T;E;306;;PRIMI;I;TAGLIERE SALUMI;;TAGLIERE SALUMI;1,00;8,00;8,00
20;3;FESTA D'AUTUNNO 2026;25;2026-09-06;23:05:03;2026-09-06;D;T;E;306;;SECONDI;K;PIATTO SAGRA;;PIATTO SAGRA;2,00;14,00;28,00
20;3;FESTA D'AUTUNNO 2026;25;2026-09-06;23:05:03;2026-09-06;D;T;E;306;;BAR;I;BOTTIGLIA CABERNET;;BOTTIGLIA CABERNET;1,00;8,00;8,00
20;3;FESTA D'AUTUNNO 2026;25;2026-09-06;23:05:03;2026-09-06;D;T;E;306;;BAR;I;ACQUA FRIZZANTE LITRO;;ACQUA FRIZZANTE LITRO;1,00;3,00;3,00
20;3;FESTA D'AUTUNNO 2026;25;2026-09-06;23:05:03;2026-09-06;D;T;E;306;;BAR;I;CAFFE';CORRETTO GRAPPA;CAFFE' CORRETTO GRAPPA;3,00;1,50;4,50
20;3;FESTA D'AUTUNNO 2026;25;2026-09-06;23:05:03;2026-09-06;D;T;E;306;;BAR;I;CAFFE';;CAFFE';1,00;1,00;1,00
20;3;FESTA D'AUTUNNO 2026;25;2026-09-06;23:05:03;2026-09-06;D;T;E;306;;SECONDI;K;TRIS;;TRIS;2,00;11,00;22,00
20;3;FESTA D'AUTUNNO 2026;25;2026-09-06;23:05:03;2026-09-06;D;T;E;306;;BAR;I;PROFITEROLES;;PROFITEROLES;2,00;3,50;7,00
20;3;FESTA D'AUTUNNO 2026;25;2026-09-06;23:05:03;2026-09-06;D;T;E;306;;BAR;I;MERINGATA;;MERINGATA;1,00;3,50;3,50
20;3;FESTA D'AUTUNNO 2026;25;2026-09-06;23:05:03;2026-09-06;D;T;E;306;;BAR;I;TORTA NONNA;;TORTA NONNA;1,00;3,50;3,50
20;3;FESTA D'AUTUNNO 2026;26;2026-09-06;23:06:25;2026-09-06;D;T;C;105;;PIZZERIA;K;MARGHERITA;;MARGHERITA;1,00;5,00;5,00
20;3;FESTA D'AUTUNNO 2026;26;2026-09-06;23:06:25;2026-09-06;D;T;C;105;;PIZZERIA;K;FUNGHI;;FUNGHI;1,00;6,00;6,00
20;3;FESTA D'AUTUNNO 2026;26;2026-09-06;23:06:25;2026-09-06;D;T;C;105;;PIZZERIA;K;CRUDO;+ SALAMINO;CRUDO + SALAMINO;1,00;10,50;10,50
20;3;FESTA D'AUTUNNO 2026;26;2026-09-06;23:06:25;2026-09-06;D;T;C;105;;BAR;I;COCACOLA;;COCACOLA;2,00;3,50;7,00
20;3;FESTA D'AUTUNNO 2026;26;2026-09-06;23:06:25;2026-09-06;D;T;C;105;;BAR;I;ARANCIATA;;ARANCIATA;1,00;3,00;3,00
20;3;FESTA D'AUTUNNO 2026;26;2026-09-06;23:06:25;2026-09-06;D;T;C;105;;BAR;I;ACQUA NATURALE MEZZO;;ACQUA NATURALE MEZZO;1,00;2,00;2,00
20;3;FESTA D'AUTUNNO 2026;26;2026-09-06;23:06:25;2026-09-06;D;T;C;105;;BAR;I;TARTUFO NERO;;TARTUFO NERO;2,00;3,50;7,00
20;3;FESTA D'AUTUNNO 2026;26;2026-09-06;23:06:25;2026-09-06;D;T;C;105;;BAR;I;TARTUFO BIANCO;;TARTUFO BIANCO;1,00;3,50;3,50
20;3;FESTA D'AUTUNNO 2026;26;2026-09-06;23:06:25;2026-09-06;D;T;C;105;;BAR;I;CREMA CAFFE';;CREMA CAFFE';3,00;2,50;7,50
20;3;FESTA D'AUTUNNO 2026;27;2026-09-06;23:07:36;2026-09-06;D;T;E;412;;PIZZERIA;K;SICILIANA;;SICILIANA;1,00;7,00;7,00
20;3;FESTA D'AUTUNNO 2026;27;2026-09-06;23:07:36;2026-09-06;D;T;E;412;;PIZZERIA;K;VERDURE;;VERDURE;1,00;7,00;7,00
20;3;FESTA D'AUTUNNO 2026;27;2026-09-06;23:07:36;2026-09-06;D;T;E;412;;PIZZERIA;K;FORMAGGI;+ SALAMINO;FORMAGGI + SALAMINO;1,00;8,00;8,00
20;3;FESTA D'AUTUNNO 2026;27;2026-09-06;23:07:36;2026-09-06;D;T;E;412;;BAR;I;BIONDA MEDIA;;BIONDA MEDIA;3,00;5,00;15,00
20;3;FESTA D'AUTUNNO 2026;27;2026-09-06;23:07:36;2026-09-06;D;T;E;412;;BAR;I;MERINGATA;;MERINGATA;3,00;3,50;10,50
20;3;FESTA D'AUTUNNO 2026;27;2026-09-06;23:07:36;2026-09-06;D;T;E;412;;BAR;I;SGROPPINO;;SGROPPINO;3,00;2,50;7,50
20;3;FESTA D'AUTUNNO 2026;27;2026-09-06;23:07:36;2026-09-06;D;T;E;412;;BAR;I;CAFFE';;CAFFE';3,00;1,00;3,00
20;3;FESTA D'AUTUNNO 2026;28;2026-09-06;23:08:59;2026-09-06;D;A;E;;Renzo Gobbato;SECONDI;K;SALSICCE;;SALSICCE;2,00;6,00;12,00
20;3;FESTA D'AUTUNNO 2026;28;2026-09-06;23:08:59;2026-09-06;D;A;E;;Renzo Gobbato;SECONDI;K;COSTICINE;;COSTICINE;2,00;6,00;12,00
20;3;FESTA D'AUTUNNO 2026;28;2026-09-06;23:08:59;2026-09-06;D;A;E;;Renzo Gobbato;SECONDI;K;BRACIOLA;;BRACIOLA;2,00;7,00;14,00
20;3;FESTA D'AUTUNNO 2026;28;2026-09-06;23:08:59;2026-09-06;D;A;E;;Renzo Gobbato;SECONDI;K;TRIS;;TRIS;2,00;11,00;22,00
20;3;FESTA D'AUTUNNO 2026;28;2026-09-06;23:08:59;2026-09-06;D;A;E;;Renzo Gobbato;SECONDI;I;PATATE FRITTE;;PATATE FRITTE;6,00;3,00;18,00
20;3;FESTA D'AUTUNNO 2026;28;2026-09-06;23:08:59;2026-09-06;D;A;E;;Renzo Gobbato;SECONDI;I;FAGIOLI CIPOLLA;;FAGIOLI CIPOLLA;2,00;3,00;6,00
20;3;FESTA D'AUTUNNO 2026;29;2026-09-06;23:13:14;2026-09-06;D;T;E;405;Carlo;PRIMI;K;PENNE RAGU';;PENNE RAGU';2,00;6,00;12,00
20;3;FESTA D'AUTUNNO 2026;29;2026-09-06;23:13:14;2026-09-06;D;T;E;405;Carlo;PRIMI;K;GNOCCHI RAGU';;GNOCCHI RAGU';2,00;6,00;12,00
20;3;FESTA D'AUTUNNO 2026;29;2026-09-06;23:13:14;2026-09-06;D;T;E;405;Carlo;PRIMI;K;GNOCCHI FORMAGGI;;GNOCCHI FORMAGGI;1,00;6,00;6,00
20;3;FESTA D'AUTUNNO 2026;29;2026-09-06;23:13:14;2026-09-06;D;T;E;405;Carlo;PRIMI;I;ANTIPASTO AUTUNNO;;ANTIPASTO AUTUNNO;1,00;6,00;6,00
20;3;FESTA D'AUTUNNO 2026;29;2026-09-06;23:13:14;2026-09-06;D;T;E;405;Carlo;SECONDI;K;BRACIOLA;;BRACIOLA;1,00;7,00;7,00
20;3;FESTA D'AUTUNNO 2026;29;2026-09-06;23:13:14;2026-09-06;D;T;E;405;Carlo;SECONDI;K;BIS;;BIS;1,00;6,50;6,50
20;3;FESTA D'AUTUNNO 2026;29;2026-09-06;23:13:14;2026-09-06;D;T;E;405;Carlo;SECONDI;K;TRIS;;TRIS;1,00;11,00;11,00
20;3;FESTA D'AUTUNNO 2026;29;2026-09-06;23:13:14;2026-09-06;D;T;E;405;Carlo;SECONDI;K;PIATTO SAGRA;;PIATTO SAGRA;2,00;14,00;28,00
20;3;FESTA D'AUTUNNO 2026;29;2026-09-06;23:13:14;2026-09-06;D;T;E;405;Carlo;BAR;I;CARAFFA BIONDA;;CARAFFA BIONDA;1,00;12,00;12,00
20;3;FESTA D'AUTUNNO 2026;29;2026-09-06;23:13:14;2026-09-06;D;T;E;405;Carlo;BAR;I;ACQUA NATURALE LITRO;;ACQUA NATURALE LITRO;1,00;3,00;3,00
20;3;FESTA D'AUTUNNO 2026;29;2026-09-06;23:13:14;2026-09-06;D;T;E;405;Carlo;BAR;I;ACQUA FRIZZANTE LITRO;;ACQUA FRIZZANTE LITRO;1,00;3,00;3,00
20;3;FESTA D'AUTUNNO 2026;29;2026-09-06;23:13:14;2026-09-06;D;T;E;405;Carlo;BAR;I;COCACOLA;;COCACOLA;2,00;3,50;7,00
20;3;FESTA D'AUTUNNO 2026;29;2026-09-06;23:13:14;2026-09-06;D;T;E;405;Carlo;BAR;I;PROFITEROLES;;PROFITEROLES;1,00;3,50;3,50
20;3;FESTA D'AUTUNNO 2026;29;2026-09-06;23:13:14;2026-09-06;D;T;E;405;Carlo;BAR;I;TORTA NONNA;;TORTA NONNA;1,00;3,50;3,50
20;3;FESTA D'AUTUNNO 2026;29;2026-09-06;23:13:14;2026-09-06;D;T;E;405;Carlo;BAR;I;MERINGATA;;MERINGATA;1,00;3,50;3,50
20;3;FESTA D'AUTUNNO 2026;29;2026-09-06;23:13:14;2026-09-06;D;T;E;405;Carlo;BAR;I;SGROPPINO;;SGROPPINO;3,00;2,50;7,50
20;3;FESTA D'AUTUNNO 2026;29;2026-09-06;23:13:14;2026-09-06;D;T;E;405;Carlo;BAR;I;CREMA CAFFE';;CREMA CAFFE';2,00;2,50;5,00
20;3;FESTA D'AUTUNNO 2026;30;2026-09-07;19:59:32;2026-09-07;D;T;E;304;;PRIMI;K;GNOCCHI RAGU';;GNOCCHI RAGU';1,00;6,00;6,00
20;3;FESTA D'AUTUNNO 2026;30;2026-09-07;19:59:32;2026-09-07;D;T;E;304;;PRIMI;K;GNOCCHI FORMAGGI;;GNOCCHI FORMAGGI;2,00;6,00;12,00
20;3;FESTA D'AUTUNNO 2026;30;2026-09-07;19:59:32;2026-09-07;D;T;E;304;;PRIMI;I;TAGLIATELLE FUNGHI;;TAGLIATELLE FUNGHI;1,00;7,00;7,00
20;3;FESTA D'AUTUNNO 2026;30;2026-09-07;19:59:32;2026-09-07;D;T;E;304;;PRIMI;I;ANTIPASTO AUTUNNO;;ANTIPASTO AUTUNNO;1,00;6,00;6,00
20;3;FESTA D'AUTUNNO 2026;30;2026-09-07;19:59:32;2026-09-07;D;T;E;304;;SECONDI;K;SALSICCE;;SALSICCE;2,00;6,00;12,00
20;3;FESTA D'AUTUNNO 2026;30;2026-09-07;19:59:32;2026-09-07;D;T;E;304;;SECONDI;K;BRACIOLA;;BRACIOLA;2,00;7,00;14,00
20;3;FESTA D'AUTUNNO 2026;30;2026-09-07;19:59:32;2026-09-07;D;T;E;304;;SECONDI;I;PATATE FRITTE;;PATATE FRITTE;2,00;3,00;6,00
20;3;FESTA D'AUTUNNO 2026;30;2026-09-07;19:59:32;2026-09-07;D;T;E;304;;SECONDI;I;FAGIOLI CIPOLLA;;FAGIOLI CIPOLLA;2,00;3,00;6,00
20;3;FESTA D'AUTUNNO 2026;30;2026-09-07;19:59:32;2026-09-07;D;T;E;304;;BAR;I;BIONDA MEDIA;;BIONDA MEDIA;1,00;5,00;5,00
20;3;FESTA D'AUTUNNO 2026;30;2026-09-07;19:59:32;2026-09-07;D;T;E;304;;BAR;I;ROSSA MEDIA;;ROSSA MEDIA;1,00;5,50;5,50
20;3;FESTA D'AUTUNNO 2026;30;2026-09-07;19:59:32;2026-09-07;D;T;E;304;;BAR;I;COCACOLA;;COCACOLA;2,00;3,50;7,00
20;3;FESTA D'AUTUNNO 2026;30;2026-09-07;19:59:32;2026-09-07;D;T;E;304;;BAR;I;ACQUA FRIZZANTE LITRO;;ACQUA FRIZZANTE LITRO;1,00;3,00;3,00
20;3;FESTA D'AUTUNNO 2026;30;2026-09-07;19:59:32;2026-09-07;D;T;E;304;;BAR;I;CROSTATA;;CROSTATA;2,00;3,50;7,00
20;3;FESTA D'AUTUNNO 2026;30;2026-09-07;19:59:32;2026-09-07;D;T;E;304;;BAR;I;PROFITEROLES;;PROFITEROLES;1,00;3,50;3,50
20;3;FESTA D'AUTUNNO 2026;30;2026-09-07;19:59:32;2026-09-07;D;T;E;304;;BAR;I;MERINGATA;;MERINGATA;1,00;3,50;3,50
20;3;FESTA D'AUTUNNO 2026;30;2026-09-07;19:59:32;2026-09-07;D;T;E;304;;BAR;I;CAFFE';CORRETTO GRAPPA;CAFFE' CORRETTO GRAPPA;2,00;1,50;3,00
20;3;FESTA D'AUTUNNO 2026;30;2026-09-07;19:59:32;2026-09-07;D;T;E;304;;BAR;I;CAFFE';;CAFFE';1,00;1,00;1,00
20;3;FESTA D'AUTUNNO 2026;31;2026-09-07;20:05:09;2026-09-07;D;T;E;204;Marco;PIZZERIA;K;PROSCIUTTO FUNGHI;;PROSCIUTTO FUNGHI;1,00;7,00;7,00
20;3;FESTA D'AUTUNNO 2026;31;2026-09-07;20:05:09;2026-09-07;D;T;E;204;Marco;PIZZERIA;K;SICILIANA;;SICILIANA;1,00;7,00;7,00
20;3;FESTA D'AUTUNNO 2026;31;2026-09-07;20:05:09;2026-09-07;D;T;E;204;Marco;PIZZERIA;K;TONNO CIPOLLA;+ SALAMINO;TONNO CIPOLLA + SALAMINO;2,00;7,50;15,00
20;3;FESTA D'AUTUNNO 2026;31;2026-09-07;20:05:09;2026-09-07;D;T;E;204;Marco;PIZZERIA;K;CRUDO;BATTUTA BEN COTTA;CRUDO BATTUTA BEN COTTA;1,00;11,00;11,00
20;3;FESTA D'AUTUNNO 2026;31;2026-09-07;20:05:09;2026-09-07;D;T;E;204;Marco;BAR;I;BIONDA MEDIA;;BIONDA MEDIA;2,00;5,00;10,00
20;3;FESTA D'AUTUNNO 2026;31;2026-09-07;20:05:09;2026-09-07;D;T;E;204;Marco;BAR;I;ACQUA FRIZZANTE LITRO;;ACQUA FRIZZANTE LITRO;1,00;3,00;3,00
20;3;FESTA D'AUTUNNO 2026;31;2026-09-07;20:05:09;2026-09-07;D;T;E;204;Marco;BAR;I;COCACOLA;;COCACOLA;2,00;3,50;7,00
20;3;FESTA D'AUTUNNO 2026;31;2026-09-07;20:05:09;2026-09-07;D;T;E;204;Marco;BAR;I;TORTA NONNA;;TORTA NONNA;1,00;3,50;3,50
20;3;FESTA D'AUTUNNO 2026;31;2026-09-07;20:05:09;2026-09-07;D;T;E;204;Marco;BAR;I;MERINGATA;;MERINGATA;2,00;3,50;7,00
20;3;FESTA D'AUTUNNO 2026;31;2026-09-07;20:05:09;2026-09-07;D;T;E;204;Marco;BAR;I;SGROPPINO;;SGROPPINO;2,00;2,50;5,00
20;3;FESTA D'AUTUNNO 2026;31;2026-09-07;20:05:09;2026-09-07;D;T;E;204;Marco;BAR;I;CREMA CAFFE';;CREMA CAFFE';1,00;2,50;2,50
20;3;FESTA D'AUTUNNO 2026;31;2026-09-07;20:05:09;2026-09-07;D;T;E;204;Marco;BAR;I;CAFFE';;CAFFE';2,00;1,00;2,00
20;3;FESTA D'AUTUNNO 2026;31;2026-09-07;20:05:09;2026-09-07;D;T;E;204;Marco;BAR;I;CAFFE';CORRETTO GRAPPA;CAFFE' CORRETTO GRAPPA;1,00;1,50;1,50
20;3;FESTA D'AUTUNNO 2026;32;2026-09-07;20:08:02;2026-09-07;D;A;C;;Rocco Barocco;PIZZERIA;K;CAPRICCIOSA;;CAPRICCIOSA;2,00;7,50;15,00
20;3;FESTA D'AUTUNNO 2026;32;2026-09-07;20:08:02;2026-09-07;D;A;C;;Rocco Barocco;PIZZERIA;K;CAPRICCIOSA;+ SALAMINO BEN COTTA;CAPRICCIOSA + SALAMINO BEN COTTA;2,00;8,00;16,00
20;3;FESTA D'AUTUNNO 2026;32;2026-09-07;20:08:02;2026-09-07;D;A;C;;Rocco Barocco;PIZZERIA;K;DIAVOLA;;DIAVOLA;2,00;6,00;12,00
20;3;FESTA D'AUTUNNO 2026;32;2026-09-07;20:08:02;2026-09-07;D;A;C;;Rocco Barocco;PIZZERIA;K;PORCHETTA;+ SALAMINO BATTUTA BEN COTTA;PORCHETTA + SALAMINO BATTUTA BEN COTTA;1,00;9,50;9,50
20;3;FESTA D'AUTUNNO 2026;33;2026-09-07;20:10:05;2026-09-07;D;T;E;507;;PRIMI;I;LASAGNE AUTUNNO;;LASAGNE AUTUNNO;1,00;7,50;7,50
20;3;FESTA D'AUTUNNO 2026;33;2026-09-07;20:10:05;2026-09-07;D;T;E;507;;PRIMI;I;RAVIOLI;;RAVIOLI;1,00;6,50;6,50
20;3;FESTA D'AUTUNNO 2026;33;2026-09-07;20:10:05;2026-09-07;D;T;E;507;;SECONDI;K;TRIS;;TRIS;2,00;11,00;22,00
20;3;FESTA D'AUTUNNO 2026;33;2026-09-07;20:10:05;2026-09-07;D;T;E;507;;SECONDI;I;PATATE FRITTE;;PATATE FRITTE;1,00;3,00;3,00
20;3;FESTA D'AUTUNNO 2026;33;2026-09-07;20:10:05;2026-09-07;D;T;E;507;;SECONDI;I;FAGIOLI CIPOLLA;;FAGIOLI CIPOLLA;1,00;3,00;3,00
20;3;FESTA D'AUTUNNO 2026;33;2026-09-07;20:10:05;2026-09-07;D;T;E;507;;PIZZERIA;K;VERDURE;+ SALAMINO;VERDURE + SALAMINO;1,00;7,50;7,50
20;3;FESTA D'AUTUNNO 2026;33;2026-09-07;20:10:05;2026-09-07;D;T;E;507;;PIZZERIA;K;FORMAGGI;+ SALAMINO BATTUTA BEN COTTA;FORMAGGI + SALAMINO BATTUTA BEN COTTA;1,00;9,00;9,00
20;3;FESTA D'AUTUNNO 2026;33;2026-09-07;20:10:05;2026-09-07;D;T;E;507;;BAR;I;CARAFFA BIONDA;;CARAFFA BIONDA;1,00;12,00;12,00
20;3;FESTA D'AUTUNNO 2026;34;2026-09-07;20:11:28;2026-09-07;D;A;E;;Filippo Renzato;SECONDI;K;SALSICCE;;SALSICCE;2,00;6,00;12,00
20;3;FESTA D'AUTUNNO 2026;34;2026-09-07;20:11:28;2026-09-07;D;A;E;;Filippo Renzato;SECONDI;I;PATATE FRITTE;;PATATE FRITTE;2,00;3,00;6,00
20;3;FESTA D'AUTUNNO 2026;34;2026-09-07;20:11:28;2026-09-07;D;A;E;;Filippo Renzato;SECONDI;K;BRACIOLA;;BRACIOLA;2,00;7,00;14,00
20;3;FESTA D'AUTUNNO 2026;34;2026-09-07;20:11:28;2026-09-07;D;A;E;;Filippo Renzato;SECONDI;I;FAGIOLI CIPOLLA;;FAGIOLI CIPOLLA;2,00;3,00;6,00
20;3;FESTA D'AUTUNNO 2026;34;2026-09-07;20:11:28;2026-09-07;D;A;E;;Filippo Renzato;PIZZERIA;K;TONNO CIPOLLA;;TONNO CIPOLLA;1,00;7,00;7,00
20;3;FESTA D'AUTUNNO 2026;34;2026-09-07;20:11:28;2026-09-07;D;A;E;;Filippo Renzato;PIZZERIA;K;CRUDO;;CRUDO;1,00;10,00;10,00
20;3;FESTA D'AUTUNNO 2026;34;2026-09-07;20:11:28;2026-09-07;D;A;E;;Filippo Renzato;PIZZERIA;K;PORCHETTA;;PORCHETTA;1,00;8,00;8,00
20;3;FESTA D'AUTUNNO 2026;34;2026-09-07;20:11:28;2026-09-07;D;A;E;;Filippo Renzato;PIZZERIA;K;CALZONE;BEN COTTO;CALZONE BEN COTTO;1,00;8,00;8,00
20;3;FESTA D'AUTUNNO 2026;35;2026-09-07;20:13:30;2026-09-07;D;T;E;204;;PRIMI;K;PENNE RAGU';;PENNE RAGU';1,00;6,00;6,00
20;3;FESTA D'AUTUNNO 2026;35;2026-09-07;20:13:30;2026-09-07;D;T;E;204;;PRIMI;K;GNOCCHI RAGU';;GNOCCHI RAGU';1,00;6,00;6,00
20;3;FESTA D'AUTUNNO 2026;35;2026-09-07;20:13:30;2026-09-07;D;T;E;204;;PRIMI;I;RAVIOLI;;RAVIOLI;1,00;6,50;6,50
20;3;FESTA D'AUTUNNO 2026;35;2026-09-07;20:13:30;2026-09-07;D;T;E;204;;PRIMI;I;ANTIPASTO AUTUNNO;;ANTIPASTO AUTUNNO;1,00;6,00;6,00
20;3;FESTA D'AUTUNNO 2026;35;2026-09-07;20:13:30;2026-09-07;D;T;E;204;;SECONDI;K;PIATTO SAGRA;;PIATTO SAGRA;1,00;14,00;14,00
20;3;FESTA D'AUTUNNO 2026;35;2026-09-07;20:13:30;2026-09-07;D;T;E;204;;SECONDI;I;PIATTO DEL GIORNO;;PIATTO DEL GIORNO;1,00;12,00;12,00
20;3;FESTA D'AUTUNNO 2026;35;2026-09-07;20:13:30;2026-09-07;D;T;E;204;;SECONDI;K;SALSICCE;;SALSICCE;1,00;6,00;6,00
20;3;FESTA D'AUTUNNO 2026;35;2026-09-07;20:13:30;2026-09-07;D;T;E;204;;SECONDI;I;PATATE FRITTE;;PATATE FRITTE;1,00;3,00;3,00
20;3;FESTA D'AUTUNNO 2026;35;2026-09-07;20:13:30;2026-09-07;D;T;E;204;;PIZZERIA;K;SICILIANA;A SPICCHI;SICILIANA A SPICCHI;1,00;7,00;7,00
20;3;FESTA D'AUTUNNO 2026;35;2026-09-07;20:13:30;2026-09-07;D;T;E;204;;BAR;I;CARAFFA BIONDA;;CARAFFA BIONDA;1,00;12,00;12,00
20;3;FESTA D'AUTUNNO 2026;36;2026-09-07;20:14:48;2026-09-07;D;A;E;;Rino Gaetano;SECONDI;K;SALSICCE;;SALSICCE;2,00;6,00;12,00
20;3;FESTA D'AUTUNNO 2026;36;2026-09-07;20:14:48;2026-09-07;D;A;E;;Rino Gaetano;SECONDI;K;COSTICINE;;COSTICINE;2,00;6,00;12,00
20;3;FESTA D'AUTUNNO 2026;36;2026-09-07;20:14:48;2026-09-07;D;A;E;;Rino Gaetano;SECONDI;K;BRACIOLA;;BRACIOLA;2,00;7,00;14,00
20;3;FESTA D'AUTUNNO 2026;36;2026-09-07;20:14:48;2026-09-07;D;A;E;;Rino Gaetano;SECONDI;K;BIS;;BIS;2,00;6,50;13,00
20;3;FESTA D'AUTUNNO 2026;36;2026-09-07;20:14:48;2026-09-07;D;A;E;;Rino Gaetano;SECONDI;K;TRIS;;TRIS;2,00;11,00;22,00
20;3;FESTA D'AUTUNNO 2026;36;2026-09-07;20:14:48;2026-09-07;D;A;E;;Rino Gaetano;SECONDI;I;PIATTO DEL GIORNO;;PIATTO DEL GIORNO;4,00;12,00;48,00
20;3;FESTA D'AUTUNNO 2026;36;2026-09-07;20:14:48;2026-09-07;D;A;E;;Rino Gaetano;SECONDI;K;PIATTO SAGRA;;PIATTO SAGRA;4,00;14,00;56,00
20;3;FESTA D'AUTUNNO 2026;36;2026-09-07;20:14:48;2026-09-07;D;A;E;;Rino Gaetano;SECONDI;I;PATATE FRITTE;;PATATE FRITTE;11,00;3,00;33,00
20;3;FESTA D'AUTUNNO 2026;36;2026-09-07;20:14:48;2026-09-07;D;A;E;;Rino Gaetano;SECONDI;I;FAGIOLI CIPOLLA;;FAGIOLI CIPOLLA;5,00;3,00;15,00
20;3;FESTA D'AUTUNNO 2026;36;2026-09-07;20:14:48;2026-09-07;D;A;E;;Rino Gaetano;SECONDI;I;VERDURE GRIGLIATE;;VERDURE GRIGLIATE;3,00;3,50;10,50
20;3;FESTA D'AUTUNNO 2026;37;2026-09-07;20:16:29;2026-09-07;D;T;E;114;;PRIMI;K;PENNE AMATRICIANA;;PENNE AMATRICIANA;1,00;6,00;6,00
20;3;FESTA D'AUTUNNO 2026;37;2026-09-07;20:16:29;2026-09-07;D;T;E;114;;PRIMI;K;GNOCCHI ANATRA;;GNOCCHI ANATRA;1,00;7,00;7,00
20;3;FESTA D'AUTUNNO 2026;37;2026-09-07;20:16:29;2026-09-07;D;T;E;114;;PRIMI;I;TAGLIERE SALUMI;;TAGLIERE SALUMI;1,00;8,00;8,00
20;3;FESTA D'AUTUNNO 2026;37;2026-09-07;20:16:29;2026-09-07;D;T;E;114;;SECONDI;K;PIATTO SAGRA;;PIATTO SAGRA;1,00;14,00;14,00
20;3;FESTA D'AUTUNNO 2026;37;2026-09-07;20:16:29;2026-09-07;D;T;E;114;;SECONDI;I;PIATTO DEL GIORNO;;PIATTO DEL GIORNO;1,00;12,00;12,00
20;3;FESTA D'AUTUNNO 2026;37;2026-09-07;20:16:29;2026-09-07;D;T;E;114;;SECONDI;I;PATATE FRITTE;;PATATE FRITTE;1,00;3,00;3,00
20;3;FESTA D'AUTUNNO 2026;37;2026-09-07;20:16:29;2026-09-07;D;T;E;114;;BAR;I;COCACOLA;;COCACOLA;1,00;3,50;3,50
20;3;FESTA D'AUTUNNO 2026;37;2026-09-07;20:16:29;2026-09-07;D;T;E;114;;BAR;I;ARANCIATA;;ARANCIATA;1,00;3,00;3,00
20;3;FESTA D'AUTUNNO 2026;37;2026-09-07;20:16:29;2026-09-07;D;T;E;114;;BAR;I;ACQUA FRIZZANTE MEZZO;;ACQUA FRIZZANTE MEZZO;1,00;1,50;1,50
20;3;FESTA D'AUTUNNO 2026;37;2026-09-07;20:16:29;2026-09-07;D;T;E;114;;BAR;I;SGROPPINO;;SGROPPINO;2,00;2,50;5,00
20;3;FESTA D'AUTUNNO 2026;38;2026-09-07;20:19:45;2026-09-07;D;T;E;202;Daniele;PRIMI;K;GNOCCHI FORMAGGI;;GNOCCHI FORMAGGI;1,00;6,00;6,00
20;3;FESTA D'AUTUNNO 2026;38;2026-09-07;20:19:45;2026-09-07;D;T;E;202;Daniele;PRIMI;I;TAGLIATELLE FUNGHI;;TAGLIATELLE FUNGHI;1,00;7,00;7,00
20;3;FESTA D'AUTUNNO 2026;38;2026-09-07;20:19:45;2026-09-07;D;T;E;202;Daniele;PRIMI;I;LASAGNE AUTUNNO;;LASAGNE AUTUNNO;1,00;7,50;7,50
20;3;FESTA D'AUTUNNO 2026;38;2026-09-07;20:19:45;2026-09-07;D;T;E;202;Daniele;PRIMI;I;ANTIPASTO AUTUNNO;;ANTIPASTO AUTUNNO;1,00;6,00;6,00
20;3;FESTA D'AUTUNNO 2026;38;2026-09-07;20:19:45;2026-09-07;D;T;E;202;Daniele;SECONDI;K;SALSICCE;;SALSICCE;1,00;6,00;6,00
20;3;FESTA D'AUTUNNO 2026;38;2026-09-07;20:19:45;2026-09-07;D;T;E;202;Daniele;SECONDI;K;BRACIOLA;;BRACIOLA;1,00;7,00;7,00
20;3;FESTA D'AUTUNNO 2026;38;2026-09-07;20:19:45;2026-09-07;D;T;E;202;Daniele;SECONDI;K;TRIS;;TRIS;1,00;11,00;11,00
20;3;FESTA D'AUTUNNO 2026;38;2026-09-07;20:19:45;2026-09-07;D;T;E;202;Daniele;SECONDI;K;PIATTO SAGRA;;PIATTO SAGRA;2,00;14,00;28,00
20;3;FESTA D'AUTUNNO 2026;38;2026-09-07;20:19:45;2026-09-07;D;T;E;202;Daniele;SECONDI;I;VERDURE GRIGLIATE;;VERDURE GRIGLIATE;2,00;3,50;7,00
20;3;FESTA D'AUTUNNO 2026;38;2026-09-07;20:19:45;2026-09-07;D;T;E;202;Daniele;BAR;I;BIONDA MEDIA;;BIONDA MEDIA;1,00;5,00;5,00
20;3;FESTA D'AUTUNNO 2026;38;2026-09-07;20:19:45;2026-09-07;D;T;E;202;Daniele;BAR;I;ROSSA MEDIA;;ROSSA MEDIA;2,00;5,50;11,00
20;3;FESTA D'AUTUNNO 2026;38;2026-09-07;20:19:45;2026-09-07;D;T;E;202;Daniele;BAR;I;ROSSO LITRO;;ROSSO LITRO;1,00;4,00;4,00
20;3;FESTA D'AUTUNNO 2026;38;2026-09-07;20:19:45;2026-09-07;D;T;E;202;Daniele;BAR;I;ACQUA NATURALE LITRO;;ACQUA NATURALE LITRO;1,00;3,00;3,00
20;3;FESTA D'AUTUNNO 2026;39;2026-09-07;21:23:59;2026-09-07;D;A;E;;Andrea Borgato;PIZZERIA;K;PROSCIUTTO FUNGHI;;PROSCIUTTO FUNGHI;3,00;7,00;21,00
20;3;FESTA D'AUTUNNO 2026;39;2026-09-07;21:23:59;2026-09-07;D;A;E;;Andrea Borgato;PIZZERIA;K;PROSCIUTTO FUNGHI;+ SALAMINO;PROSCIUTTO FUNGHI + SALAMINO;1,00;7,50;7,50
20;3;FESTA D'AUTUNNO 2026;39;2026-09-07;21:23:59;2026-09-07;D;A;E;;Andrea Borgato;PIZZERIA;K;CAPRICCIOSA;;CAPRICCIOSA;2,00;7,50;15,00
20;3;FESTA D'AUTUNNO 2026;39;2026-09-07;21:23:59;2026-09-07;D;A;E;;Andrea Borgato;PIZZERIA;K;SICILIANA;BEN COTTA;SICILIANA BEN COTTA;1,00;7,00;7,00
20;3;FESTA D'AUTUNNO 2026;39;2026-09-07;21:23:59;2026-09-07;D;A;E;;Andrea Borgato;PIZZERIA;K;DIAVOLA;BATTUTA;DIAVOLA BATTUTA;1,00;7,00;7,00
20;3;FESTA D'AUTUNNO 2026;39;2026-09-07;21:23:59;2026-09-07;D;A;E;;Andrea Borgato;PIZZERIA;K;CRUDO;;CRUDO;2,00;10,00;20,00
20;3;FESTA D'AUTUNNO 2026;39;2026-09-07;21:23:59;2026-09-07;D;A;E;;Andrea Borgato;PIZZERIA;K;PORCHETTA;;PORCHETTA;1,00;8,00;8,00
20;3;FESTA D'AUTUNNO 2026;40;2026-09-07;21:25:58;2026-09-07;D;T;E;507;;PIZZERIA;K;SAPORITA;;SAPORITA;1,00;6,50;6,50
20;3;FESTA D'AUTUNNO 2026;40;2026-09-07;21:25:58;2026-09-07;D;T;E;507;;PIZZERIA;K;CONTADINA;;CONTADINA;1,00;7,00;7,00
20;3;FESTA D'AUTUNNO 2026;40;2026-09-07;21:25:58;2026-09-07;D;T;E;507;;PIZZERIA;K;MONTANARA;;MONTANARA;1,00;7,50;7,50
20;3;FESTA D'AUTUNNO 2026;40;2026-09-07;21:25:58;2026-09-07;D;T;E;507;;PIZZERIA;K;CARBONARA;;CARBONARA;2,00;7,50;15,00
20;3;FESTA D'AUTUNNO 2026;40;2026-09-07;21:25:58;2026-09-07;D;T;E;507;;PIZZERIA;K;DIAVOLA;;DIAVOLA;2,00;6,00;12,00
20;3;FESTA D'AUTUNNO 2026;40;2026-09-07;21:25:58;2026-09-07;D;T;E;507;;PIZZERIA;K;QUATTRO STAGIONI;+ SALAMINO;QUATTRO STAGIONI + SALAMINO;1,00;8,00;8,00
20;3;FESTA D'AUTUNNO 2026;40;2026-09-07;21:25:58;2026-09-07;D;T;E;507;;PIZZERIA;K;CAPRICCIOSA;+ SALAMINO;CAPRICCIOSA + SALAMINO;1,00;8,00;8,00
20;3;FESTA D'AUTUNNO 2026;40;2026-09-07;21:25:58;2026-09-07;D;T;E;507;;BAR;I;CARAFFA BIONDA;;CARAFFA BIONDA;1,00;12,00;12,00
20;3;FESTA D'AUTUNNO 2026;40;2026-09-07;21:25:58;2026-09-07;D;T;E;507;;BAR;I;CARAFFA ROSSA;;CARAFFA ROSSA;1,00;13,00;13,00
20;3;FESTA D'AUTUNNO 2026;40;2026-09-07;21:25:58;2026-09-07;D;T;E;507;;BAR;I;MERINGATA;;MERINGATA;3,00;3,50;10,50
20;3;FESTA D'AUTUNNO 2026;40;2026-09-07;21:25:58;2026-09-07;D;T;E;507;;BAR;I;TORTA NONNA;;TORTA NONNA;1,00;3,50;3,50
20;3;FESTA D'AUTUNNO 2026;40;2026-09-07;21:25:58;2026-09-07;D;T;E;507;;BAR;I;CROSTATA;;CROSTATA;2,00;3,50;7,00
20;3;FESTA D'AUTUNNO 2026;40;2026-09-07;21:25:58;2026-09-07;D;T;E;507;;BAR;I;SGROPPINO;;SGROPPINO;5,00;2,50;12,50
20;3;FESTA D'AUTUNNO 2026;40;2026-09-07;21:25:58;2026-09-07;D;T;E;507;;BAR;I;CREMA CAFFE';;CREMA CAFFE';2,00;2,50;5,00
20;3;FESTA D'AUTUNNO 2026;41;2026-09-07;21:26:56;2026-09-07;D;T;E;203;;PRIMI;K;PENNE AMATRICIANA;;PENNE AMATRICIANA;1,00;6,00;6,00
20;3;FESTA D'AUTUNNO 2026;41;2026-09-07;21:26:56;2026-09-07;D;T;E;203;;PRIMI;K;GNOCCHI FORMAGGI;;GNOCCHI FORMAGGI;1,00;6,00;6,00
20;3;FESTA D'AUTUNNO 2026;41;2026-09-07;21:26:56;2026-09-07;D;T;E;203;;PRIMI;I;LASAGNE AUTUNNO;;LASAGNE AUTUNNO;1,00;7,50;7,50
20;3;FESTA D'AUTUNNO 2026;41;2026-09-07;21:26:56;2026-09-07;D;T;E;203;;SECONDI;K;PIATTO SAGRA;;PIATTO SAGRA;2,00;14,00;28,00
20;3;FESTA D'AUTUNNO 2026;41;2026-09-07;21:26:56;2026-09-07;D;T;E;203;;SECONDI;I;PIATTO DEL GIORNO;;PIATTO DEL GIORNO;1,00;12,00;12,00
20;3;FESTA D'AUTUNNO 2026;41;2026-09-07;21:26:56;2026-09-07;D;T;E;203;;SECONDI;I;VERDURE GRIGLIATE;;VERDURE GRIGLIATE;1,00;3,50;3,50
20;3;FESTA D'AUTUNNO 2026;41;2026-09-07;21:26:56;2026-09-07;D;T;E;203;;BAR;I;COCACOLA;;COCACOLA;3,00;3,50;10,50
20;3;FESTA D'AUTUNNO 2026;42;2026-09-07;21:29:14;2026-09-07;D;T;E;305;;PRIMI;I;TAGLIATELLE FUNGHI;;TAGLIATELLE FUNGHI;1,00;7,00;7,00
20;3;FESTA D'AUTUNNO 2026;42;2026-09-07;21:29:14;2026-09-07;D;T;E;305;;PRIMI;I;LASAGNE AUTUNNO;;LASAGNE AUTUNNO;2,00;7,50;15,00
20;3;FESTA D'AUTUNNO 2026;42;2026-09-07;21:29:14;2026-09-07;D;T;E;305;;PRIMI;I;RAVIOLI;;RAVIOLI;1,00;6,50;6,50
20;3;FESTA D'AUTUNNO 2026;42;2026-09-07;21:29:14;2026-09-07;D;T;E;305;;PRIMI;I;ANTIPASTO AUTUNNO;;ANTIPASTO AUTUNNO;3,00;6,00;18,00
20;3;FESTA D'AUTUNNO 2026;42;2026-09-07;21:29:14;2026-09-07;D;T;E;305;;SECONDI;K;PIATTO SAGRA;;PIATTO SAGRA;2,00;14,00;28,00
20;3;FESTA D'AUTUNNO 2026;42;2026-09-07;21:29:14;2026-09-07;D;T;E;305;;SECONDI;K;BIS;;BIS;1,00;6,50;6,50
20;3;FESTA D'AUTUNNO 2026;42;2026-09-07;21:29:14;2026-09-07;D;T;E;305;;SECONDI;K;BRACIOLA;;BRACIOLA;1,00;7,00;7,00
20;3;FESTA D'AUTUNNO 2026;42;2026-09-07;21:29:14;2026-09-07;D;T;E;305;;BAR;I;BIONDA MEDIA;;BIONDA MEDIA;1,00;5,00;5,00
20;3;FESTA D'AUTUNNO 2026;42;2026-09-07;21:29:14;2026-09-07;D;T;E;305;;BAR;I;ROSSA MEDIA;;ROSSA MEDIA;1,00;5,50;5,50
20;3;FESTA D'AUTUNNO 2026;42;2026-09-07;21:29:14;2026-09-07;D;T;E;305;;BAR;I;COCACOLA;;COCACOLA;1,00;3,50;3,50
20;3;FESTA D'AUTUNNO 2026;42;2026-09-07;21:29:14;2026-09-07;D;T;E;305;;BAR;I;ACQUA NATURALE MEZZO;;ACQUA NATURALE MEZZO;1,00;2,00;2,00
20;3;FESTA D'AUTUNNO 2026;43;2026-09-07;21:32:49;2026-09-07;D;T;E;413;;PRIMI;K;PENNE RAGU';;PENNE RAGU';1,00;6,00;6,00
20;3;FESTA D'AUTUNNO 2026;43;2026-09-07;21:32:49;2026-09-07;D;T;E;413;;PRIMI;K;PENNE FORMAGGI;;PENNE FORMAGGI;1,00;6,00;6,00
20;3;FESTA D'AUTUNNO 2026;43;2026-09-07;21:32:49;2026-09-07;D;T;E;413;;PRIMI;K;PENNE AMATRICIANA;;PENNE AMATRICIANA;1,00;6,00;6,00
20;3;FESTA D'AUTUNNO 2026;43;2026-09-07;21:32:49;2026-09-07;D;T;E;413;;PRIMI;K;GNOCCHI RAGU';;GNOCCHI RAGU';1,00;6,00;6,00
20;3;FESTA D'AUTUNNO 2026;43;2026-09-07;21:32:49;2026-09-07;D;T;E;413;;PRIMI;K;GNOCCHI FORMAGGI;;GNOCCHI FORMAGGI;1,00;6,00;6,00
20;3;FESTA D'AUTUNNO 2026;43;2026-09-07;21:32:49;2026-09-07;D;T;E;413;;PRIMI;K;GNOCCHI ANATRA;;GNOCCHI ANATRA;1,00;7,00;7,00
20;3;FESTA D'AUTUNNO 2026;43;2026-09-07;21:32:49;2026-09-07;D;T;E;413;;PRIMI;I;TAGLIATELLE FUNGHI;;TAGLIATELLE FUNGHI;1,00;7,00;7,00
20;3;FESTA D'AUTUNNO 2026;43;2026-09-07;21:32:49;2026-09-07;D;T;E;413;;PRIMI;I;LASAGNE AUTUNNO;;LASAGNE AUTUNNO;1,00;7,50;7,50
20;3;FESTA D'AUTUNNO 2026;43;2026-09-07;21:32:49;2026-09-07;D;T;E;413;;PRIMI;I;RAVIOLI;;RAVIOLI;1,00;6,50;6,50
20;3;FESTA D'AUTUNNO 2026;43;2026-09-07;21:32:49;2026-09-07;D;T;E;413;;SECONDI;K;SALSICCE;;SALSICCE;1,00;6,00;6,00
20;3;FESTA D'AUTUNNO 2026;43;2026-09-07;21:32:49;2026-09-07;D;T;E;413;;SECONDI;K;COSTICINE;;COSTICINE;1,00;6,00;6,00
20;3;FESTA D'AUTUNNO 2026;43;2026-09-07;21:32:49;2026-09-07;D;T;E;413;;SECONDI;K;BRACIOLA;;BRACIOLA;1,00;7,00;7,00
20;3;FESTA D'AUTUNNO 2026;43;2026-09-07;21:32:49;2026-09-07;D;T;E;413;;SECONDI;K;BIS;;BIS;1,00;6,50;6,50
20;3;FESTA D'AUTUNNO 2026;43;2026-09-07;21:32:49;2026-09-07;D;T;E;413;;SECONDI;K;TRIS;;TRIS;1,00;11,00;11,00
20;3;FESTA D'AUTUNNO 2026;43;2026-09-07;21:32:49;2026-09-07;D;T;E;413;;SECONDI;K;PIATTO SAGRA;;PIATTO SAGRA;1,00;14,00;14,00
20;3;FESTA D'AUTUNNO 2026;43;2026-09-07;21:32:49;2026-09-07;D;T;E;413;;SECONDI;I;PIATTO DEL GIORNO;;PIATTO DEL GIORNO;3,00;12,00;36,00
20;3;FESTA D'AUTUNNO 2026;43;2026-09-07;21:32:49;2026-09-07;D;T;E;413;;SECONDI;I;PATATE FRITTE;;PATATE FRITTE;6,00;3,00;18,00
20;3;FESTA D'AUTUNNO 2026;43;2026-09-07;21:32:49;2026-09-07;D;T;E;413;;SECONDI;I;FAGIOLI CIPOLLA;;FAGIOLI CIPOLLA;3,00;3,00;9,00
20;3;FESTA D'AUTUNNO 2026;43;2026-09-07;21:32:49;2026-09-07;D;T;E;413;;BAR;I;CARAFFA BIONDA;;CARAFFA BIONDA;1,00;12,00;12,00
20;3;FESTA D'AUTUNNO 2026;43;2026-09-07;21:32:49;2026-09-07;D;T;E;413;;BAR;I;CARAFFA ROSSA;;CARAFFA ROSSA;1,00;13,00;13,00
20;3;FESTA D'AUTUNNO 2026;43;2026-09-07;21:32:49;2026-09-07;D;T;E;413;;BAR;I;COCACOLA;;COCACOLA;3,00;3,50;10,50
20;3;FESTA D'AUTUNNO 2026;43;2026-09-07;21:32:49;2026-09-07;D;T;E;413;;BAR;I;ARANCIATA;;ARANCIATA;2,00;3,00;6,00
20;3;FESTA D'AUTUNNO 2026;43;2026-09-07;21:32:49;2026-09-07;D;T;E;413;;BAR;I;SGROPPINO;;SGROPPINO;6,00;2,50;15,00
20;3;FESTA D'AUTUNNO 2026;43;2026-09-07;21:32:49;2026-09-07;D;T;E;413;;BAR;I;CREMA CAFFE';;CREMA CAFFE';3,00;2,50;7,50
20;3;FESTA D'AUTUNNO 2026;44;2026-09-07;21:41:12;2026-09-07;D;T;C;512;;PRIMI;K;GNOCCHI RAGU';;GNOCCHI RAGU';3,00;6,00;18,00
20;3;FESTA D'AUTUNNO 2026;44;2026-09-07;21:41:12;2026-09-07;D;T;C;512;;PRIMI;K;GNOCCHI FORMAGGI;;GNOCCHI FORMAGGI;2,00;6,00;12,00
20;3;FESTA D'AUTUNNO 2026;44;2026-09-07;21:41:12;2026-09-07;D;T;C;512;;SECONDI;K;BRACIOLA;;BRACIOLA;2,00;7,00;14,00
20;3;FESTA D'AUTUNNO 2026;44;2026-09-07;21:41:12;2026-09-07;D;T;C;512;;SECONDI;K;COSTICINE;;COSTICINE;1,00;6,00;6,00
20;3;FESTA D'AUTUNNO 2026;44;2026-09-07;21:41:12;2026-09-07;D;T;C;512;;SECONDI;K;SALSICCE;;SALSICCE;2,00;6,00;12,00
20;3;FESTA D'AUTUNNO 2026;44;2026-09-07;21:41:12;2026-09-07;D;T;C;512;;SECONDI;I;FAGIOLI CIPOLLA;;FAGIOLI CIPOLLA;2,00;3,00;6,00
20;3;FESTA D'AUTUNNO 2026;44;2026-09-07;21:41:12;2026-09-07;D;T;C;512;;SECONDI;I;PATATE FRITTE;;PATATE FRITTE;3,00;3,00;9,00
20;3;FESTA D'AUTUNNO 2026;44;2026-09-07;21:41:12;2026-09-07;D;T;C;512;;BAR;I;BIONDA MEDIA;;BIONDA MEDIA;2,00;5,00;10,00
20;3;FESTA D'AUTUNNO 2026;44;2026-09-07;21:41:12;2026-09-07;D;T;C;512;;BAR;I;ROSSA MEDIA;;ROSSA MEDIA;1,00;5,50;5,50
20;3;FESTA D'AUTUNNO 2026;44;2026-09-07;21:41:12;2026-09-07;D;T;C;512;;BAR;I;COCACOLA;;COCACOLA;1,00;3,50;3,50
20;3;FESTA D'AUTUNNO 2026;44;2026-09-07;21:41:12;2026-09-07;D;T;C;512;;BAR;I;ARANCIATA;;ARANCIATA;1,00;3,00;3,00
20;3;FESTA D'AUTUNNO 2026;44;2026-09-07;21:41:12;2026-09-07;D;T;C;512;;BAR;I;SGROPPINO;;SGROPPINO;3,00;2,50;7,50
20;3;FESTA D'AUTUNNO 2026;44;2026-09-07;21:41:12;2026-09-07;D;T;C;512;;BAR;I;CREMA CAFFE';;CREMA CAFFE';2,00;2,50;5,00
20;3;FESTA D'AUTUNNO 2026;45;2026-09-07;21:43:59;2026-09-07;D;T;E;508;;PIZZERIA;K;SAPORITA;+ SALAMINO;SAPORITA + SALAMINO;1,00;7,00;7,00
20;3;FESTA D'AUTUNNO 2026;45;2026-09-07;21:43:59;2026-09-07;D;T;E;508;;PIZZERIA;K;CONTADINA;BEN COTTA;CONTADINA BEN COTTA;1,00;7,00;7,00
20;3;FESTA D'AUTUNNO 2026;45;2026-09-07;21:43:59;2026-09-07;D;T;E;508;;PIZZERIA;K;CARBONARA;;CARBONARA;1,00;7,50;7,50
20;3;FESTA D'AUTUNNO 2026;45;2026-09-07;21:43:59;2026-09-07;D;T;E;508;;BAR;I;BIONDA MEDIA;;BIONDA MEDIA;2,00;5,00;10,00
20;3;FESTA D'AUTUNNO 2026;45;2026-09-07;21:43:59;2026-09-07;D;T;E;508;;BAR;I;ROSSA MEDIA;;ROSSA MEDIA;1,00;5,50;5,50
20;3;FESTA D'AUTUNNO 2026;45;2026-09-07;21:43:59;2026-09-07;D;T;E;508;;BAR;I;CREMA CAFFE';;CREMA CAFFE';3,00;2,50;7,50
20;3;FESTA D'AUTUNNO 2026;45;2026-09-07;21:43:59;2026-09-07;D;T;E;508;;BAR;I;CAFFE';CORRETTO GRAPPA;CAFFE' CORRETTO GRAPPA;1,00;1,50;1,50
20;3;FESTA D'AUTUNNO 2026;46;2026-09-07;21:46:19;2026-09-07;D;T;C;513;SQUADRA CALCIO;PRIMI;K;PENNE RAGU';;PENNE RAGU';4,00;6,00;24,00
20;3;FESTA D'AUTUNNO 2026;46;2026-09-07;21:46:19;2026-09-07;D;T;C;513;SQUADRA CALCIO;PRIMI;K;PENNE FORMAGGI;;PENNE FORMAGGI;3,00;6,00;18,00
20;3;FESTA D'AUTUNNO 2026;46;2026-09-07;21:46:19;2026-09-07;D;T;C;513;SQUADRA CALCIO;PRIMI;K;PENNE AMATRICIANA;;PENNE AMATRICIANA;5,00;6,00;30,00
20;3;FESTA D'AUTUNNO 2026;46;2026-09-07;21:46:19;2026-09-07;D;T;C;513;SQUADRA CALCIO;PRIMI;K;GNOCCHI RAGU';;GNOCCHI RAGU';7,00;6,00;42,00
20;3;FESTA D'AUTUNNO 2026;46;2026-09-07;21:46:19;2026-09-07;D;T;C;513;SQUADRA CALCIO;PRIMI;K;GNOCCHI FORMAGGI;;GNOCCHI FORMAGGI;3,00;6,00;18,00
20;3;FESTA D'AUTUNNO 2026;46;2026-09-07;21:46:19;2026-09-07;D;T;C;513;SQUADRA CALCIO;PRIMI;I;LASAGNE AUTUNNO;;LASAGNE AUTUNNO;1,00;7,50;7,50
20;3;FESTA D'AUTUNNO 2026;46;2026-09-07;21:46:19;2026-09-07;D;T;C;513;SQUADRA CALCIO;PRIMI;I;TAGLIATELLE FUNGHI;;TAGLIATELLE FUNGHI;1,00;7,00;7,00
20;3;FESTA D'AUTUNNO 2026;46;2026-09-07;21:46:19;2026-09-07;D;T;C;513;SQUADRA CALCIO;PRIMI;I;TAGLIERE SALUMI;;TAGLIERE SALUMI;2,00;8,00;16,00
20;3;FESTA D'AUTUNNO 2026;46;2026-09-07;21:46:19;2026-09-07;D;T;C;513;SQUADRA CALCIO;PRIMI;I;TAGLIERE FORMAGGI;;TAGLIERE FORMAGGI;2,00;7,00;14,00
20;3;FESTA D'AUTUNNO 2026;46;2026-09-07;21:46:19;2026-09-07;D;T;C;513;SQUADRA CALCIO;SECONDI;K;SALSICCE;;SALSICCE;4,00;6,00;24,00
20;3;FESTA D'AUTUNNO 2026;46;2026-09-07;21:46:19;2026-09-07;D;T;C;513;SQUADRA CALCIO;SECONDI;K;COSTICINE;;COSTICINE;2,00;6,00;12,00
20;3;FESTA D'AUTUNNO 2026;46;2026-09-07;21:46:19;2026-09-07;D;T;C;513;SQUADRA CALCIO;SECONDI;K;BRACIOLA;;BRACIOLA;4,00;7,00;28,00
20;3;FESTA D'AUTUNNO 2026;46;2026-09-07;21:46:19;2026-09-07;D;T;C;513;SQUADRA CALCIO;SECONDI;K;BIS;;BIS;4,00;6,50;26,00
20;3;FESTA D'AUTUNNO 2026;46;2026-09-07;21:46:19;2026-09-07;D;T;C;513;SQUADRA CALCIO;SECONDI;K;TRIS;;TRIS;3,00;11,00;33,00
20;3;FESTA D'AUTUNNO 2026;46;2026-09-07;21:46:19;2026-09-07;D;T;C;513;SQUADRA CALCIO;SECONDI;K;PIATTO SAGRA;;PIATTO SAGRA;3,00;14,00;42,00
20;3;FESTA D'AUTUNNO 2026;46;2026-09-07;21:46:19;2026-09-07;D;T;C;513;SQUADRA CALCIO;SECONDI;I;PIATTO DEL GIORNO;;PIATTO DEL GIORNO;3,00;12,00;36,00
20;3;FESTA D'AUTUNNO 2026;46;2026-09-07;21:46:19;2026-09-07;D;T;C;513;SQUADRA CALCIO;SECONDI;I;PATATE FRITTE;;PATATE FRITTE;10,00;3,00;30,00
20;3;FESTA D'AUTUNNO 2026;46;2026-09-07;21:46:19;2026-09-07;D;T;C;513;SQUADRA CALCIO;SECONDI;I;FAGIOLI CIPOLLA;;FAGIOLI CIPOLLA;4,00;3,00;12,00
20;3;FESTA D'AUTUNNO 2026;46;2026-09-07;21:46:19;2026-09-07;D;T;C;513;SQUADRA CALCIO;SECONDI;I;VERDURE GRIGLIATE;;VERDURE GRIGLIATE;3,00;3,50;10,50
20;3;FESTA D'AUTUNNO 2026;46;2026-09-07;21:46:19;2026-09-07;D;T;C;513;SQUADRA CALCIO;BAR;I;CARAFFA BIONDA;;CARAFFA BIONDA;3,00;12,00;36,00
20;3;FESTA D'AUTUNNO 2026;46;2026-09-07;21:46:19;2026-09-07;D;T;C;513;SQUADRA CALCIO;BAR;I;CARAFFA ROSSA;;CARAFFA ROSSA;3,00;13,00;39,00
20;3;FESTA D'AUTUNNO 2026;46;2026-09-07;21:46:19;2026-09-07;D;T;C;513;SQUADRA CALCIO;BAR;I;SGROPPINO;;SGROPPINO;24,00;2,50;60,00
20;3;FESTA D'AUTUNNO 2026;47;2026-09-08;20:07:32;2026-09-08;D;T;E;101;;PRIMI;K;PENNE RAGU';;PENNE RAGU';1,00;6,00;6,00
20;3;FESTA D'AUTUNNO 2026;47;2026-09-08;20:07:32;2026-09-08;D;T;E;101;;PRIMI;K;PENNE FORMAGGI;;PENNE FORMAGGI;1,00;6,00;6,00
20;3;FESTA D'AUTUNNO 2026;47;2026-09-08;20:07:32;2026-09-08;D;T;E;101;;PRIMI;K;GNOCCHI RAGU';;GNOCCHI RAGU';1,00;6,00;6,00
20;3;FESTA D'AUTUNNO 2026;47;2026-09-08;20:07:32;2026-09-08;D;T;E;101;;PRIMI;I;LASAGNE AUTUNNO;;LASAGNE AUTUNNO;1,00;7,50;7,50
20;3;FESTA D'AUTUNNO 2026;47;2026-09-08;20:07:32;2026-09-08;D;T;E;101;;SECONDI;K;BRACIOLA;;BRACIOLA;1,00;7,00;7,00
20;3;FESTA D'AUTUNNO 2026;47;2026-09-08;20:07:32;2026-09-08;D;T;E;101;;SECONDI;K;SALSICCE;;SALSICCE;1,00;6,00;6,00
20;3;FESTA D'AUTUNNO 2026;47;2026-09-08;20:07:32;2026-09-08;D;T;E;101;;SECONDI;K;BIS;;BIS;1,00;6,50;6,50
20;3;FESTA D'AUTUNNO 2026;47;2026-09-08;20:07:32;2026-09-08;D;T;E;101;;SECONDI;K;TRIS;;TRIS;1,00;11,00;11,00
20;3;FESTA D'AUTUNNO 2026;47;2026-09-08;20:07:32;2026-09-08;D;T;E;101;;BAR;I;CARAFFA BIONDA;;CARAFFA BIONDA;1,00;12,00;12,00
20;3;FESTA D'AUTUNNO 2026;47;2026-09-08;20:07:32;2026-09-08;D;T;E;101;;BAR;I;ACQUA NATURALE LITRO;;ACQUA NATURALE LITRO;1,00;3,00;3,00
20;3;FESTA D'AUTUNNO 2026;47;2026-09-08;20:07:32;2026-09-08;D;T;E;101;;BAR;I;CAFFE';;CAFFE';3,00;1,00;3,00
20;3;FESTA D'AUTUNNO 2026;47;2026-09-08;20:07:32;2026-09-08;D;T;E;101;;BAR;I;CAFFE';CORRETTO GRAPPA;CAFFE' CORRETTO GRAPPA;1,00;1,50;1,50
20;3;FESTA D'AUTUNNO 2026;48;2026-09-08;20:08:17;2026-09-08;D;T;E;102;;PRIMI;K;PENNE FORMAGGI;;PENNE FORMAGGI;2,00;6,00;12,00
20;3;FESTA D'AUTUNNO 2026;48;2026-09-08;20:08:17;2026-09-08;D;T;E;102;;PRIMI;K;GNOCCHI RAGU';;GNOCCHI RAGU';1,00;6,00;6,00
20;3;FESTA D'AUTUNNO 2026;48;2026-09-08;20:08:17;2026-09-08;D;T;E;102;;SECONDI;K;COSTICINE;;COSTICINE;1,00;6,00;6,00
20;3;FESTA D'AUTUNNO 2026;48;2026-09-08;20:08:17;2026-09-08;D;T;E;102;;SECONDI;K;BRACIOLA;;BRACIOLA;1,00;7,00;7,00
20;3;FESTA D'AUTUNNO 2026;48;2026-09-08;20:08:17;2026-09-08;D;T;E;102;;SECONDI;K;TRIS;;TRIS;1,00;11,00;11,00
20;3;FESTA D'AUTUNNO 2026;48;2026-09-08;20:08:17;2026-09-08;D;T;E;102;;SECONDI;I;PATATE FRITTE;;PATATE FRITTE;2,00;3,00;6,00
20;3;FESTA D'AUTUNNO 2026;48;2026-09-08;20:08:17;2026-09-08;D;T;E;102;;SECONDI;I;FAGIOLI CIPOLLA;;FAGIOLI CIPOLLA;1,00;3,00;3,00
20;3;FESTA D'AUTUNNO 2026;48;2026-09-08;20:08:17;2026-09-08;D;T;E;102;;BAR;I;BIONDA MEDIA;;BIONDA MEDIA;2,00;5,00;10,00
20;3;FESTA D'AUTUNNO 2026;48;2026-09-08;20:08:17;2026-09-08;D;T;E;102;;BAR;I;ROSSA MEDIA;;ROSSA MEDIA;1,00;5,50;5,50
20;3;FESTA D'AUTUNNO 2026;48;2026-09-08;20:08:17;2026-09-08;D;T;E;102;;BAR;I;MERINGATA;;MERINGATA;1,00;3,50;3,50
20;3;FESTA D'AUTUNNO 2026;48;2026-09-08;20:08:17;2026-09-08;D;T;E;102;;BAR;I;CROSTATA;;CROSTATA;1,00;3,50;3,50
20;3;FESTA D'AUTUNNO 2026;49;2026-09-08;20:08:56;2026-09-08;D;T;E;103;;PRIMI;K;GNOCCHI RAGU';;GNOCCHI RAGU';2,00;6,00;12,00
20;3;FESTA D'AUTUNNO 2026;49;2026-09-08;20:08:56;2026-09-08;D;T;E;103;;PRIMI;K;GNOCCHI FORMAGGI;;GNOCCHI FORMAGGI;1,00;6,00;6,00
20;3;FESTA D'AUTUNNO 2026;49;2026-09-08;20:08:56;2026-09-08;D;T;E;103;;PRIMI;K;GNOCCHI ANATRA;;GNOCCHI ANATRA;1,00;7,00;7,00
20;3;FESTA D'AUTUNNO 2026;49;2026-09-08;20:08:56;2026-09-08;D;T;E;103;;PRIMI;I;LASAGNE AUTUNNO;;LASAGNE AUTUNNO;1,00;7,50;7,50
20;3;FESTA D'AUTUNNO 2026;49;2026-09-08;20:08:56;2026-09-08;D;T;E;103;;SECONDI;K;COSTICINE;;COSTICINE;2,00;6,00;12,00
20;3;FESTA D'AUTUNNO 2026;49;2026-09-08;20:08:56;2026-09-08;D;T;E;103;;SECONDI;K;BIS;;BIS;2,00;6,50;13,00
20;3;FESTA D'AUTUNNO 2026;49;2026-09-08;20:08:56;2026-09-08;D;T;E;103;;SECONDI;I;PIATTO DEL GIORNO;;PIATTO DEL GIORNO;1,00;12,00;12,00
20;3;FESTA D'AUTUNNO 2026;49;2026-09-08;20:08:56;2026-09-08;D;T;E;103;;SECONDI;I;PATATE FRITTE;;PATATE FRITTE;2,00;3,00;6,00
20;3;FESTA D'AUTUNNO 2026;49;2026-09-08;20:08:56;2026-09-08;D;T;E;103;;SECONDI;I;FAGIOLI CIPOLLA;;FAGIOLI CIPOLLA;1,00;3,00;3,00
20;3;FESTA D'AUTUNNO 2026;49;2026-09-08;20:08:56;2026-09-08;D;T;E;103;;BAR;I;CARAFFA BIONDA;;CARAFFA BIONDA;1,00;12,00;12,00
20;3;FESTA D'AUTUNNO 2026;50;2026-09-08;20:09:30;2026-09-08;D;T;C;103;;PRIMI;K;GNOCCHI FORMAGGI;;GNOCCHI FORMAGGI;1,00;6,00;6,00
20;3;FESTA D'AUTUNNO 2026;50;2026-09-08;20:09:30;2026-09-08;D;T;C;103;;PRIMI;I;TAGLIATELLE FUNGHI;;TAGLIATELLE FUNGHI;1,00;7,00;7,00
20;3;FESTA D'AUTUNNO 2026;50;2026-09-08;20:09:30;2026-09-08;D;T;C;103;;SECONDI;K;SALSICCE;;SALSICCE;2,00;6,00;12,00
20;3;FESTA D'AUTUNNO 2026;50;2026-09-08;20:09:30;2026-09-08;D;T;C;103;;SECONDI;I;PATATE FRITTE;;PATATE FRITTE;2,00;3,00;6,00
20;3;FESTA D'AUTUNNO 2026;50;2026-09-08;20:09:30;2026-09-08;D;T;C;103;;BAR;I;ROSSO MEZZO;;ROSSO MEZZO;1,00;2,50;2,50
20;3;FESTA D'AUTUNNO 2026;50;2026-09-08;20:09:30;2026-09-08;D;T;C;103;;BAR;I;ACQUA NATURALE MEZZO;;ACQUA NATURALE MEZZO;1,00;2,00;2,00
20;3;FESTA D'AUTUNNO 2026;51;2026-09-08;20:10:07;2026-09-08;D;T;C;104;;PRIMI;K;PENNE AMATRICIANA;;PENNE AMATRICIANA;2,00;6,00;12,00
20;3;FESTA D'AUTUNNO 2026;51;2026-09-08;20:10:07;2026-09-08;D;T;C;104;;PRIMI;I;LASAGNE AUTUNNO;;LASAGNE AUTUNNO;1,00;7,50;7,50
20;3;FESTA D'AUTUNNO 2026;51;2026-09-08;20:10:07;2026-09-08;D;T;C;104;;SECONDI;K;COSTICINE;;COSTICINE;2,00;6,00;12,00
20;3;FESTA D'AUTUNNO 2026;51;2026-09-08;20:10:07;2026-09-08;D;T;C;104;;SECONDI;K;BRACIOLA;;BRACIOLA;1,00;7,00;7,00
20;3;FESTA D'AUTUNNO 2026;51;2026-09-08;20:10:07;2026-09-08;D;T;C;104;;BAR;I;ROSSO MEZZO;;ROSSO MEZZO;1,00;2,50;2,50
20;3;FESTA D'AUTUNNO 2026;51;2026-09-08;20:10:07;2026-09-08;D;T;C;104;;BAR;I;ACQUA NATURALE LITRO;;ACQUA NATURALE LITRO;1,00;3,00;3,00
20;3;FESTA D'AUTUNNO 2026;51;2026-09-08;20:10:07;2026-09-08;D;T;C;104;;BAR;I;TARTUFO BIANCO;;TARTUFO BIANCO;1,00;3,50;3,50
20;3;FESTA D'AUTUNNO 2026;51;2026-09-08;20:10:07;2026-09-08;D;T;C;104;;BAR;I;TORTA NONNA;;TORTA NONNA;1,00;3,50;3,50
20;3;FESTA D'AUTUNNO 2026;51;2026-09-08;20:10:07;2026-09-08;D;T;C;104;;BAR;I;CREMA CAFFE';;CREMA CAFFE';2,00;2,50;5,00
20;3;FESTA D'AUTUNNO 2026;52;2026-09-08;20:10:46;2026-09-08;D;T;C;105;;PRIMI;I;RAVIOLI;;RAVIOLI;1,00;6,50;6,50
20;3;FESTA D'AUTUNNO 2026;52;2026-09-08;20:10:46;2026-09-08;D;T;C;105;;PRIMI;I;LASAGNE AUTUNNO;;LASAGNE AUTUNNO;2,00;7,50;15,00
20;3;FESTA D'AUTUNNO 2026;52;2026-09-08;20:10:46;2026-09-08;D;T;C;105;;PRIMI;I;TAGLIATELLE FUNGHI;;TAGLIATELLE FUNGHI;1,00;7,00;7,00
20;3;FESTA D'AUTUNNO 2026;52;2026-09-08;20:10:46;2026-09-08;D;T;C;105;;SECONDI;K;SALSICCE;;SALSICCE;2,00;6,00;12,00
20;3;FESTA D'AUTUNNO 2026;52;2026-09-08;20:10:46;2026-09-08;D;T;C;105;;SECONDI;K;COSTICINE;;COSTICINE;1,00;6,00;6,00
20;3;FESTA D'AUTUNNO 2026;52;2026-09-08;20:10:46;2026-09-08;D;T;C;105;;SECONDI;K;BIS;;BIS;1,00;6,50;6,50
20;3;FESTA D'AUTUNNO 2026;52;2026-09-08;20:10:46;2026-09-08;D;T;C;105;;SECONDI;I;PATATE FRITTE;;PATATE FRITTE;2,00;3,00;6,00
20;3;FESTA D'AUTUNNO 2026;52;2026-09-08;20:10:46;2026-09-08;D;T;C;105;;SECONDI;I;FAGIOLI CIPOLLA;;FAGIOLI CIPOLLA;1,00;3,00;3,00
20;3;FESTA D'AUTUNNO 2026;52;2026-09-08;20:10:46;2026-09-08;D;T;C;105;;BAR;I;ROSSO LITRO;;ROSSO LITRO;1,00;4,00;4,00
20;3;FESTA D'AUTUNNO 2026;52;2026-09-08;20:10:46;2026-09-08;D;T;C;105;;BAR;I;ACQUA NATURALE LITRO;;ACQUA NATURALE LITRO;1,00;3,00;3,00
20;3;FESTA D'AUTUNNO 2026;52;2026-09-08;20:10:46;2026-09-08;D;T;C;105;;BAR;I;CREMA CAFFE';;CREMA CAFFE';2,00;2,50;5,00
20;3;FESTA D'AUTUNNO 2026;53;2026-09-08;20:11:24;2026-09-08;D;T;C;106;;PRIMI;K;GNOCCHI FORMAGGI;;GNOCCHI FORMAGGI;2,00;6,00;12,00
20;3;FESTA D'AUTUNNO 2026;53;2026-09-08;20:11:24;2026-09-08;D;T;C;106;;PRIMI;K;GNOCCHI ANATRA;;GNOCCHI ANATRA;1,00;7,00;7,00
20;3;FESTA D'AUTUNNO 2026;53;2026-09-08;20:11:24;2026-09-08;D;T;C;106;;SECONDI;K;COSTICINE;;COSTICINE;2,00;6,00;12,00
20;3;FESTA D'AUTUNNO 2026;53;2026-09-08;20:11:24;2026-09-08;D;T;C;106;;SECONDI;K;SALSICCE;;SALSICCE;1,00;6,00;6,00
20;3;FESTA D'AUTUNNO 2026;53;2026-09-08;20:11:24;2026-09-08;D;T;C;106;;SECONDI;I;FAGIOLI CIPOLLA;;FAGIOLI CIPOLLA;2,00;3,00;6,00
20;3;FESTA D'AUTUNNO 2026;53;2026-09-08;20:11:24;2026-09-08;D;T;C;106;;SECONDI;I;PATATE FRITTE;;PATATE FRITTE;1,00;3,00;3,00
20;3;FESTA D'AUTUNNO 2026;53;2026-09-08;20:11:24;2026-09-08;D;T;C;106;;BAR;I;ROSSO LITRO;;ROSSO LITRO;1,00;4,00;4,00
20;3;FESTA D'AUTUNNO 2026;53;2026-09-08;20:11:24;2026-09-08;D;T;C;106;;BAR;I;ACQUA FRIZZANTE LITRO;;ACQUA FRIZZANTE LITRO;1,00;3,00;3,00
20;3;FESTA D'AUTUNNO 2026;53;2026-09-08;20:11:24;2026-09-08;D;T;C;106;;BAR;I;SGROPPINO;;SGROPPINO;3,00;2,50;7,50
20;3;FESTA D'AUTUNNO 2026;54;2026-09-08;20:11:56;2026-09-08;D;T;C;201;;PRIMI;I;TAGLIATELLE FUNGHI;;TAGLIATELLE FUNGHI;2,00;7,00;14,00
20;3;FESTA D'AUTUNNO 2026;54;2026-09-08;20:11:56;2026-09-08;D;T;C;201;;PRIMI;I;LASAGNE AUTUNNO;;LASAGNE AUTUNNO;1,00;7,50;7,50
20;3;FESTA D'AUTUNNO 2026;54;2026-09-08;20:11:56;2026-09-08;D;T;C;201;;SECONDI;K;COSTICINE;;COSTICINE;2,00;6,00;12,00
20;3;FESTA D'AUTUNNO 2026;54;2026-09-08;20:11:56;2026-09-08;D;T;C;201;;SECONDI;K;SALSICCE;;SALSICCE;1,00;6,00;6,00
20;3;FESTA D'AUTUNNO 2026;54;2026-09-08;20:11:56;2026-09-08;D;T;C;201;;SECONDI;I;PATATE FRITTE;;PATATE FRITTE;2,00;3,00;6,00
20;3;FESTA D'AUTUNNO 2026;54;2026-09-08;20:11:56;2026-09-08;D;T;C;201;;SECONDI;I;FAGIOLI CIPOLLA;;FAGIOLI CIPOLLA;1,00;3,00;3,00
20;3;FESTA D'AUTUNNO 2026;54;2026-09-08;20:11:56;2026-09-08;D;T;C;201;;BAR;I;BIONDA MEDIA;;BIONDA MEDIA;2,00;5,00;10,00
20;3;FESTA D'AUTUNNO 2026;54;2026-09-08;20:11:56;2026-09-08;D;T;C;201;;BAR;I;ROSSA PICCOLA;;ROSSA PICCOLA;1,00;3,50;3,50
20;3;FESTA D'AUTUNNO 2026;54;2026-09-08;20:11:56;2026-09-08;D;T;C;201;;BAR;I;SGROPPINO;;SGROPPINO;3,00;2,50;7,50
20;3;FESTA D'AUTUNNO 2026;55;2026-09-08;20:12:36;2026-09-08;D;A;E;;Pippo Baudo;SECONDI;K;SALSICCE;;SALSICCE;1,00;6,00;6,00
20;3;FESTA D'AUTUNNO 2026;55;2026-09-08;20:12:36;2026-09-08;D;A;E;;Pippo Baudo;SECONDI;K;COSTICINE;;COSTICINE;1,00;6,00;6,00
20;3;FESTA D'AUTUNNO 2026;55;2026-09-08;20:12:36;2026-09-08;D;A;E;;Pippo Baudo;SECONDI;K;BIS;;BIS;2,00;6,50;13,00
20;3;FESTA D'AUTUNNO 2026;55;2026-09-08;20:12:36;2026-09-08;D;A;E;;Pippo Baudo;SECONDI;I;PIATTO DEL GIORNO;;PIATTO DEL GIORNO;4,00;12,00;48,00
20;3;FESTA D'AUTUNNO 2026;55;2026-09-08;20:12:36;2026-09-08;D;A;E;;Pippo Baudo;SECONDI;I;PATATE FRITTE;;PATATE FRITTE;5,00;3,00;15,00
20;3;FESTA D'AUTUNNO 2026;55;2026-09-08;20:12:36;2026-09-08;D;A;E;;Pippo Baudo;SECONDI;I;FAGIOLI CIPOLLA;;FAGIOLI CIPOLLA;3,00;3,00;9,00
20;3;FESTA D'AUTUNNO 2026;56;2026-09-08;20:13:06;2026-09-08;D;T;E;203;;PRIMI;I;LASAGNE AUTUNNO;;LASAGNE AUTUNNO;2,00;7,50;15,00
20;3;FESTA D'AUTUNNO 2026;56;2026-09-08;20:13:06;2026-09-08;D;T;E;203;;PRIMI;I;RAVIOLI;;RAVIOLI;1,00;6,50;6,50
20;3;FESTA D'AUTUNNO 2026;56;2026-09-08;20:13:06;2026-09-08;D;T;E;203;;PRIMI;I;ANTIPASTO AUTUNNO;;ANTIPASTO AUTUNNO;1,00;6,00;6,00
20;3;FESTA D'AUTUNNO 2026;56;2026-09-08;20:13:06;2026-09-08;D;T;E;203;;SECONDI;K;COSTICINE;;COSTICINE;1,00;6,00;6,00
20;3;FESTA D'AUTUNNO 2026;56;2026-09-08;20:13:06;2026-09-08;D;T;E;203;;SECONDI;K;SALSICCE;;SALSICCE;2,00;6,00;12,00
20;3;FESTA D'AUTUNNO 2026;56;2026-09-08;20:13:06;2026-09-08;D;T;E;203;;SECONDI;I;PATATE FRITTE;;PATATE FRITTE;3,00;3,00;9,00
20;3;FESTA D'AUTUNNO 2026;56;2026-09-08;20:13:06;2026-09-08;D;T;E;203;;BAR;I;ACQUA NATURALE LITRO;;ACQUA NATURALE LITRO;1,00;3,00;3,00
20;3;FESTA D'AUTUNNO 2026;56;2026-09-08;20:13:06;2026-09-08;D;T;E;203;;BAR;I;COCACOLA;;COCACOLA;2,00;3,50;7,00
20;3;FESTA D'AUTUNNO 2026;56;2026-09-08;20:13:06;2026-09-08;D;T;E;203;;BAR;I;ARANCIATA;;ARANCIATA;1,00;3,00;3,00
20;3;FESTA D'AUTUNNO 2026;56;2026-09-08;20:13:06;2026-09-08;D;T;E;203;;BAR;I;CREMA CAFFE';;CREMA CAFFE';3,00;2,50;7,50
20;3;FESTA D'AUTUNNO 2026;57;2026-09-08;20:14:23;2026-09-08;D;T;E;204;;PIZZERIA;K;MARGHERITA;+ SALAMINO;MARGHERITA + SALAMINO;1,00;5,50;5,50
20;3;FESTA D'AUTUNNO 2026;57;2026-09-08;20:14:23;2026-09-08;D;T;E;204;;PIZZERIA;K;SAPORITA;;SAPORITA;1,00;6,50;6,50
20;3;FESTA D'AUTUNNO 2026;57;2026-09-08;20:14:23;2026-09-08;D;T;E;204;;PIZZERIA;K;PORCHETTA;+ FUNGHI;PORCHETTA + FUNGHI;1,00;8,50;8,50
20;3;FESTA D'AUTUNNO 2026;57;2026-09-08;20:14:23;2026-09-08;D;T;E;204;;PIZZERIA;K;PROSCIUTTO FUNGHI;;PROSCIUTTO FUNGHI;1,00;7,00;7,00
20;3;FESTA D'AUTUNNO 2026;57;2026-09-08;20:14:23;2026-09-08;D;T;E;204;;PIZZERIA;K;CAPRICCIOSA;;CAPRICCIOSA;2,00;7,50;15,00
20;3;FESTA D'AUTUNNO 2026;57;2026-09-08;20:14:23;2026-09-08;D;T;E;204;;PIZZERIA;K;CAPRICCIOSA;+ SALAMINO;CAPRICCIOSA + SALAMINO;1,00;8,00;8,00
20;3;FESTA D'AUTUNNO 2026;57;2026-09-08;20:14:23;2026-09-08;D;T;E;204;;PIZZERIA;K;CRUDO;BEN COTTA;CRUDO BEN COTTA;1,00;10,00;10,00
20;3;FESTA D'AUTUNNO 2026;57;2026-09-08;20:14:23;2026-09-08;D;T;E;204;;PIZZERIA;K;CALZONE;BEN COTTO;CALZONE BEN COTTO;1,00;8,00;8,00
20;3;FESTA D'AUTUNNO 2026;57;2026-09-08;20:14:23;2026-09-08;D;T;E;204;;PIZZERIA;K;TONNO CIPOLLA;;TONNO CIPOLLA;2,00;7,00;14,00
20;3;FESTA D'AUTUNNO 2026;58;2026-09-08;20:15:40;2026-09-08;D;A;E;;Paolo Conte;PIZZERIA;K;SICILIANA;+ PORCHETTA;SICILIANA + PORCHETTA;1,00;8,00;8,00
20;3;FESTA D'AUTUNNO 2026;58;2026-09-08;20:15:40;2026-09-08;D;A;E;;Paolo Conte;PIZZERIA;K;SICILIANA;;SICILIANA;1,00;7,00;7,00
20;3;FESTA D'AUTUNNO 2026;58;2026-09-08;20:15:40;2026-09-08;D;A;E;;Paolo Conte;PIZZERIA;K;PUGLIESE;;PUGLIESE;1,00;7,00;7,00
20;3;FESTA D'AUTUNNO 2026;58;2026-09-08;20:15:40;2026-09-08;D;A;E;;Paolo Conte;PIZZERIA;K;VERDURE;+ SALAMINO BEN COTTA;VERDURE + SALAMINO BEN COTTA;1,00;7,50;7,50
20;3;FESTA D'AUTUNNO 2026;58;2026-09-08;20:15:40;2026-09-08;D;A;E;;Paolo Conte;PIZZERIA;K;QUATTRO STAGIONI;BATTUTA;QUATTRO STAGIONI BATTUTA;1,00;8,50;8,50
20;3;FESTA D'AUTUNNO 2026;58;2026-09-08;20:15:40;2026-09-08;D;A;E;;Paolo Conte;PIZZERIA;K;CRUDO;;CRUDO;2,00;10,00;20,00
20;3;FESTA D'AUTUNNO 2026;58;2026-09-08;20:15:40;2026-09-08;D;A;E;;Paolo Conte;PIZZERIA;K;PORCHETTA;+ SALAMINO + FUNGHI BEN COTTA;PORCHETTA + SALAMINO + FUNGHI BEN COTTA;1,00;9,00;9,00
20;3;FESTA D'AUTUNNO 2026;58;2026-09-08;20:15:40;2026-09-08;D;A;E;;Paolo Conte;PIZZERIA;K;DIAVOLA;;DIAVOLA;2,00;6,00;12,00
20;3;FESTA D'AUTUNNO 2026;59;2026-09-08;20:17:08;2026-09-08;D;T;E;206;;PIZZERIA;K;FUNGHI;+ PORCHETTA;FUNGHI + PORCHETTA;1,00;7,00;7,00
20;3;FESTA D'AUTUNNO 2026;59;2026-09-08;20:17:08;2026-09-08;D;T;E;206;;PIZZERIA;K;CAPRICCIOSA;+ SALAMINO;CAPRICCIOSA + SALAMINO;3,00;8,00;24,00
20;3;FESTA D'AUTUNNO 2026;59;2026-09-08;20:17:08;2026-09-08;D;T;E;206;;PIZZERIA;K;FORMAGGI;+ SALAMINO BEN COTTA;FORMAGGI + SALAMINO BEN COTTA;1,00;8,00;8,00
20;3;FESTA D'AUTUNNO 2026;59;2026-09-08;20:17:08;2026-09-08;D;T;E;206;;PIZZERIA;K;MONTANARA;;MONTANARA;1,00;7,50;7,50
20;3;FESTA D'AUTUNNO 2026;59;2026-09-08;20:17:08;2026-09-08;D;T;E;206;;PIZZERIA;K;CARBONARA;BEN COTTA;CARBONARA BEN COTTA;2,00;7,50;15,00
20;3;FESTA D'AUTUNNO 2026;59;2026-09-08;20:17:08;2026-09-08;D;T;E;206;;PIZZERIA;K;CARBONARA;;CARBONARA;1,00;7,50;7,50
20;3;FESTA D'AUTUNNO 2026;59;2026-09-08;20:17:08;2026-09-08;D;T;E;206;;BAR;I;COCACOLA;;COCACOLA;5,00;3,50;17,50
20;3;FESTA D'AUTUNNO 2026;59;2026-09-08;20:17:08;2026-09-08;D;T;E;206;;BAR;I;ARANCIATA;;ARANCIATA;2,00;3,00;6,00
20;3;FESTA D'AUTUNNO 2026;59;2026-09-08;20:17:08;2026-09-08;D;T;E;206;;BAR;I;ACQUA FRIZZANTE LITRO;;ACQUA FRIZZANTE LITRO;1,00;3,00;3,00
20;3;FESTA D'AUTUNNO 2026;59;2026-09-08;20:17:08;2026-09-08;D;T;E;206;;BAR;I;ACQUA NATURALE LITRO;;ACQUA NATURALE LITRO;1,00;3,00;3,00
20;3;FESTA D'AUTUNNO 2026;59;2026-09-08;20:17:08;2026-09-08;D;T;E;206;;BAR;I;CREMA CAFFE';;CREMA CAFFE';5,00;2,50;12,50
20;3;FESTA D'AUTUNNO 2026;59;2026-09-08;20:17:08;2026-09-08;D;T;E;206;;BAR;I;SGROPPINO;;SGROPPINO;3,00;2,50;7,50
20;3;FESTA D'AUTUNNO 2026;60;2026-09-08;20:18:30;2026-09-08;D;T;C;301;;PRIMI;K;PENNE FORMAGGI;;PENNE FORMAGGI;1,00;6,00;6,00
20;3;FESTA D'AUTUNNO 2026;60;2026-09-08;20:18:30;2026-09-08;D;T;C;301;;PRIMI;K;GNOCCHI RAGU';;GNOCCHI RAGU';1,00;6,00;6,00
20;3;FESTA D'AUTUNNO 2026;60;2026-09-08;20:18:30;2026-09-08;D;T;C;301;;PRIMI;K;GNOCCHI FORMAGGI;;GNOCCHI FORMAGGI;1,00;6,00;6,00
20;3;FESTA D'AUTUNNO 2026;60;2026-09-08;20:18:30;2026-09-08;D;T;C;301;;SECONDI;K;SALSICCE;;SALSICCE;2,00;6,00;12,00
20;3;FESTA D'AUTUNNO 2026;60;2026-09-08;20:18:30;2026-09-08;D;T;C;301;;SECONDI;K;COSTICINE;;COSTICINE;1,00;6,00;6,00
20;3;FESTA D'AUTUNNO 2026;60;2026-09-08;20:18:30;2026-09-08;D;T;C;301;;SECONDI;I;PATATE FRITTE;;PATATE FRITTE;2,00;3,00;6,00
20;3;FESTA D'AUTUNNO 2026;60;2026-09-08;20:18:30;2026-09-08;D;T;C;301;;SECONDI;I;FAGIOLI CIPOLLA;;FAGIOLI CIPOLLA;1,00;3,00;3,00
20;3;FESTA D'AUTUNNO 2026;60;2026-09-08;20:18:30;2026-09-08;D;T;C;301;;BAR;I;BOTTIGLIA PROSECCO;;BOTTIGLIA PROSECCO;1,00;7,00;7,00
20;3;FESTA D'AUTUNNO 2026;60;2026-09-08;20:18:30;2026-09-08;D;T;C;301;;BAR;I;COCACOLA;;COCACOLA;2,00;3,50;7,00
20;3;FESTA D'AUTUNNO 2026;60;2026-09-08;20:18:30;2026-09-08;D;T;C;301;;BAR;I;ARANCIATA;;ARANCIATA;1,00;3,00;3,00
20;3;FESTA D'AUTUNNO 2026;60;2026-09-08;20:18:30;2026-09-08;D;T;C;301;;BAR;I;CAFFE';CORRETTO GRAPPA;CAFFE' CORRETTO GRAPPA;2,00;1,50;3,00
20;3;FESTA D'AUTUNNO 2026;60;2026-09-08;20:18:30;2026-09-08;D;T;C;301;;BAR;I;DECAFFEINATO;;DECAFFEINATO;1,00;1,20;1,20
20;3;FESTA D'AUTUNNO 2026;61;2026-09-08;20:19:41;2026-09-08;D;T;E;302;;PRIMI;K;GNOCCHI RAGU';;GNOCCHI RAGU';2,00;6,00;12,00
20;3;FESTA D'AUTUNNO 2026;61;2026-09-08;20:19:41;2026-09-08;D;T;E;302;;PRIMI;K;PENNE FORMAGGI;;PENNE FORMAGGI;2,00;6,00;12,00
20;3;FESTA D'AUTUNNO 2026;61;2026-09-08;20:19:41;2026-09-08;D;T;E;302;;PRIMI;I;LASAGNE AUTUNNO;;LASAGNE AUTUNNO;1,00;7,50;7,50
20;3;FESTA D'AUTUNNO 2026;61;2026-09-08;20:19:41;2026-09-08;D;T;E;302;;PRIMI;I;ANTIPASTO AUTUNNO;;ANTIPASTO AUTUNNO;2,00;6,00;12,00
20;3;FESTA D'AUTUNNO 2026;61;2026-09-08;20:19:41;2026-09-08;D;T;E;302;;SECONDI;K;BIS;;BIS;3,00;6,50;19,50
20;3;FESTA D'AUTUNNO 2026;61;2026-09-08;20:19:41;2026-09-08;D;T;E;302;;SECONDI;K;TRIS;;TRIS;1,00;11,00;11,00
20;3;FESTA D'AUTUNNO 2026;61;2026-09-08;20:19:41;2026-09-08;D;T;E;302;;SECONDI;I;PIATTO DEL GIORNO;;PIATTO DEL GIORNO;1,00;12,00;12,00
20;3;FESTA D'AUTUNNO 2026;61;2026-09-08;20:19:41;2026-09-08;D;T;E;302;;SECONDI;I;PATATE FRITTE;;PATATE FRITTE;2,00;3,00;6,00
20;3;FESTA D'AUTUNNO 2026;61;2026-09-08;20:19:41;2026-09-08;D;T;E;302;;SECONDI;I;FAGIOLI CIPOLLA;;FAGIOLI CIPOLLA;2,00;3,00;6,00
20;3;FESTA D'AUTUNNO 2026;61;2026-09-08;20:19:41;2026-09-08;D;T;E;302;;SECONDI;I;VERDURE GRIGLIATE;;VERDURE GRIGLIATE;1,00;3,50;3,50
20;3;FESTA D'AUTUNNO 2026;61;2026-09-08;20:19:41;2026-09-08;D;T;E;302;;BAR;I;CARAFFA BIONDA;;CARAFFA BIONDA;1,00;12,00;12,00
20;3;FESTA D'AUTUNNO 2026;61;2026-09-08;20:19:41;2026-09-08;D;T;E;302;;BAR;I;ACQUA FRIZZANTE LITRO;;ACQUA FRIZZANTE LITRO;1,00;3,00;3,00
20;3;FESTA D'AUTUNNO 2026;61;2026-09-08;20:19:41;2026-09-08;D;T;E;302;;BAR;I;COCACOLA;;COCACOLA;1,00;3,50;3,50
20;3;FESTA D'AUTUNNO 2026;61;2026-09-08;20:19:41;2026-09-08;D;T;E;302;;BAR;I;MERINGATA;;MERINGATA;2,00;3,50;7,00
20;3;FESTA D'AUTUNNO 2026;61;2026-09-08;20:19:41;2026-09-08;D;T;E;302;;BAR;I;TORTA NONNA;;TORTA NONNA;1,00;3,50;3,50
20;3;FESTA D'AUTUNNO 2026;61;2026-09-08;20:19:41;2026-09-08;D;T;E;302;;BAR;I;TARTUFO BIANCO;;TARTUFO BIANCO;1,00;3,50;3,50
20;3;FESTA D'AUTUNNO 2026;61;2026-09-08;20:19:41;2026-09-08;D;T;E;302;;BAR;I;CREMA CAFFE';;CREMA CAFFE';3,00;2,50;7,50
20;3;FESTA D'AUTUNNO 2026;61;2026-09-08;20:19:41;2026-09-08;D;T;E;302;;BAR;I;SGROPPINO;;SGROPPINO;1,00;2,50;2,50
20;3;FESTA D'AUTUNNO 2026;62;2026-09-08;20:20:32;2026-09-08;D;T;E;304;;PRIMI;K;PENNE AMATRICIANA;;PENNE AMATRICIANA;1,00;6,00;6,00
20;3;FESTA D'AUTUNNO 2026;62;2026-09-08;20:20:32;2026-09-08;D;T;E;304;;PRIMI;K;PENNE FORMAGGI;;PENNE FORMAGGI;1,00;6,00;6,00
20;3;FESTA D'AUTUNNO 2026;62;2026-09-08;20:20:32;2026-09-08;D;T;E;304;;PRIMI;K;PENNE RAGU';;PENNE RAGU';1,00;6,00;6,00
20;3;FESTA D'AUTUNNO 2026;62;2026-09-08;20:20:32;2026-09-08;D;T;E;304;;PRIMI;K;GNOCCHI RAGU';;GNOCCHI RAGU';1,00;6,00;6,00
20;3;FESTA D'AUTUNNO 2026;62;2026-09-08;20:20:32;2026-09-08;D;T;E;304;;SECONDI;K;COSTICINE;;COSTICINE;2,00;6,00;12,00
20;3;FESTA D'AUTUNNO 2026;62;2026-09-08;20:20:32;2026-09-08;D;T;E;304;;SECONDI;K;SALSICCE;;SALSICCE;1,00;6,00;6,00
20;3;FESTA D'AUTUNNO 2026;62;2026-09-08;20:20:32;2026-09-08;D;T;E;304;;SECONDI;K;BIS;;BIS;1,00;6,50;6,50
20;3;FESTA D'AUTUNNO 2026;62;2026-09-08;20:20:32;2026-09-08;D;T;E;304;;SECONDI;I;VERDURE GRIGLIATE;;VERDURE GRIGLIATE;2,00;3,50;7,00
20;3;FESTA D'AUTUNNO 2026;62;2026-09-08;20:20:32;2026-09-08;D;T;E;304;;SECONDI;I;FAGIOLI CIPOLLA;;FAGIOLI CIPOLLA;1,00;3,00;3,00
20;3;FESTA D'AUTUNNO 2026;62;2026-09-08;20:20:32;2026-09-08;D;T;E;304;;SECONDI;I;PATATE FRITTE;;PATATE FRITTE;1,00;3,00;3,00
20;3;FESTA D'AUTUNNO 2026;62;2026-09-08;20:20:32;2026-09-08;D;T;E;304;;BAR;I;ROSSO LITRO;;ROSSO LITRO;1,00;4,00;4,00
20;3;FESTA D'AUTUNNO 2026;62;2026-09-08;20:20:32;2026-09-08;D;T;E;304;;BAR;I;ACQUA FRIZZANTE LITRO;;ACQUA FRIZZANTE LITRO;1,00;3,00;3,00
20;3;FESTA D'AUTUNNO 2026;62;2026-09-08;20:20:32;2026-09-08;D;T;E;304;;BAR;I;CREMA CAFFE';;CREMA CAFFE';3,00;2,50;7,50
20;3;FESTA D'AUTUNNO 2026;62;2026-09-08;20:20:32;2026-09-08;D;T;E;304;;BAR;I;SGROPPINO;;SGROPPINO;1,00;2,50;2,50
20;3;FESTA D'AUTUNNO 2026;63;2026-09-08;20:21:10;2026-09-08;D;T;C;305;;PRIMI;K;GNOCCHI RAGU';;GNOCCHI RAGU';1,00;6,00;6,00
20;3;FESTA D'AUTUNNO 2026;63;2026-09-08;20:21:10;2026-09-08;D;T;C;305;;PRIMI;K;GNOCCHI FORMAGGI;;GNOCCHI FORMAGGI;1,00;6,00;6,00
20;3;FESTA D'AUTUNNO 2026;63;2026-09-08;20:21:10;2026-09-08;D;T;C;305;;SECONDI;K;SALSICCE;;SALSICCE;1,00;6,00;6,00
20;3;FESTA D'AUTUNNO 2026;63;2026-09-08;20:21:10;2026-09-08;D;T;C;305;;SECONDI;K;BIS;;BIS;1,00;6,50;6,50
20;3;FESTA D'AUTUNNO 2026;63;2026-09-08;20:21:10;2026-09-08;D;T;C;305;;SECONDI;I;PATATE FRITTE;;PATATE FRITTE;2,00;3,00;6,00
20;3;FESTA D'AUTUNNO 2026;63;2026-09-08;20:21:10;2026-09-08;D;T;C;305;;BAR;I;BIONDA MEDIA;;BIONDA MEDIA;2,00;5,00;10,00
20;3;FESTA D'AUTUNNO 2026;63;2026-09-08;20:21:10;2026-09-08;D;T;C;305;;BAR;I;CAFFE';;CAFFE';2,00;1,00;2,00
20;3;FESTA D'AUTUNNO 2026;64;2026-09-08;20:21:54;2026-09-08;D;T;E;401;;PRIMI;I;TAGLIATELLE FUNGHI;;TAGLIATELLE FUNGHI;2,00;7,00;14,00
20;3;FESTA D'AUTUNNO 2026;64;2026-09-08;20:21:54;2026-09-08;D;T;E;401;;PRIMI;I;LASAGNE AUTUNNO;;LASAGNE AUTUNNO;1,00;7,50;7,50
20;3;FESTA D'AUTUNNO 2026;64;2026-09-08;20:21:54;2026-09-08;D;T;E;401;;PRIMI;I;ANTIPASTO AUTUNNO;;ANTIPASTO AUTUNNO;1,00;6,00;6,00
20;3;FESTA D'AUTUNNO 2026;64;2026-09-08;20:21:54;2026-09-08;D;T;E;401;;SECONDI;K;BIS;;BIS;2,00;6,50;13,00
20;3;FESTA D'AUTUNNO 2026;64;2026-09-08;20:21:54;2026-09-08;D;T;E;401;;SECONDI;K;SALSICCE;;SALSICCE;1,00;6,00;6,00
20;3;FESTA D'AUTUNNO 2026;64;2026-09-08;20:21:54;2026-09-08;D;T;E;401;;SECONDI;I;PATATE FRITTE;;PATATE FRITTE;3,00;3,00;9,00
20;3;FESTA D'AUTUNNO 2026;64;2026-09-08;20:21:54;2026-09-08;D;T;E;401;;BAR;I;ACQUA FRIZZANTE LITRO;;ACQUA FRIZZANTE LITRO;1,00;3,00;3,00
20;3;FESTA D'AUTUNNO 2026;64;2026-09-08;20:21:54;2026-09-08;D;T;E;401;;BAR;I;COCACOLA;;COCACOLA;1,00;3,50;3,50
20;3;FESTA D'AUTUNNO 2026;64;2026-09-08;20:21:54;2026-09-08;D;T;E;401;;BAR;I;ARANCIATA;;ARANCIATA;1,00;3,00;3,00
20;3;FESTA D'AUTUNNO 2026;64;2026-09-08;20:21:54;2026-09-08;D;T;E;401;;BAR;I;SGROPPINO;;SGROPPINO;3,00;2,50;7,50
20;3;FESTA D'AUTUNNO 2026;65;2026-09-08;20:23:56;2026-09-08;D;T;E;404;Romeo;PRIMI;K;PENNE RAGU';;PENNE RAGU';2,00;6,00;12,00
20;3;FESTA D'AUTUNNO 2026;65;2026-09-08;20:23:56;2026-09-08;D;T;E;404;Romeo;PRIMI;K;PENNE FORMAGGI;;PENNE FORMAGGI;1,00;6,00;6,00
20;3;FESTA D'AUTUNNO 2026;65;2026-09-08;20:23:56;2026-09-08;D;T;E;404;Romeo;PRIMI;I;ANTIPASTO AUTUNNO;;ANTIPASTO AUTUNNO;1,00;6,00;6,00
20;3;FESTA D'AUTUNNO 2026;65;2026-09-08;20:23:56;2026-09-08;D;T;E;404;Romeo;SECONDI;K;SALSICCE;;SALSICCE;1,00;6,00;6,00
20;3;FESTA D'AUTUNNO 2026;65;2026-09-08;20:23:56;2026-09-08;D;T;E;404;Romeo;SECONDI;K;COSTICINE;;COSTICINE;1,00;6,00;6,00
20;3;FESTA D'AUTUNNO 2026;65;2026-09-08;20:23:56;2026-09-08;D;T;E;404;Romeo;SECONDI;K;BRACIOLA;;BRACIOLA;1,00;7,00;7,00
20;3;FESTA D'AUTUNNO 2026;65;2026-09-08;20:23:56;2026-09-08;D;T;E;404;Romeo;SECONDI;I;PATATE FRITTE;;PATATE FRITTE;3,00;3,00;9,00
20;3;FESTA D'AUTUNNO 2026;65;2026-09-08;20:23:56;2026-09-08;D;T;E;404;Romeo;BAR;I;BIONDA MEDIA;;BIONDA MEDIA;2,00;5,00;10,00
20;3;FESTA D'AUTUNNO 2026;65;2026-09-08;20:23:56;2026-09-08;D;T;E;404;Romeo;BAR;I;ROSSA MEDIA;;ROSSA MEDIA;1,00;5,50;5,50
20;3;FESTA D'AUTUNNO 2026;65;2026-09-08;20:23:56;2026-09-08;D;T;E;404;Romeo;BAR;I;SGROPPINO;;SGROPPINO;3,00;2,50;7,50
20;3;FESTA D'AUTUNNO 2026;66;2026-09-08;20:25:40;2026-09-08;D;T;C;405;Franco;PIZZERIA;K;FORMAGGI;+ SALAMINO;FORMAGGI + SALAMINO;2,00;8,00;16,00
20;3;FESTA D'AUTUNNO 2026;66;2026-09-08;20:25:40;2026-09-08;D;T;C;405;Franco;PIZZERIA;K;CRUDO;BEN COTTA;CRUDO BEN COTTA;1,00;10,00;10,00
20;3;FESTA D'AUTUNNO 2026;66;2026-09-08;20:25:40;2026-09-08;D;T;C;405;Franco;BAR;I;ROSSA PICCOLA;;ROSSA PICCOLA;3,00;3,50;10,50
20;3;FESTA D'AUTUNNO 2026;66;2026-09-08;20:25:40;2026-09-08;D;T;C;405;Franco;BAR;I;SGROPPINO;;SGROPPINO;1,00;2,50;2,50
20;3;FESTA D'AUTUNNO 2026;66;2026-09-08;20:25:40;2026-09-08;D;T;C;405;Franco;BAR;I;CREMA CAFFE';;CREMA CAFFE';2,00;2,50;5,00
20;3;FESTA D'AUTUNNO 2026;67;2026-09-08;20:27:48;2026-09-08;D;A;E;;Roberto De Robertis;PIZZERIA;K;PROSCIUTTO FUNGHI;+ SALAMINO;PROSCIUTTO FUNGHI + SALAMINO;2,00;7,50;15,00
20;3;FESTA D'AUTUNNO 2026;67;2026-09-08;20:27:48;2026-09-08;D;A;E;;Roberto De Robertis;PIZZERIA;K;FORMAGGI;;FORMAGGI;1,00;7,50;7,50
20;3;FESTA D'AUTUNNO 2026;67;2026-09-08;20:27:48;2026-09-08;D;A;E;;Roberto De Robertis;PIZZERIA;K;QUATTRO STAGIONI;;QUATTRO STAGIONI;1,00;7,50;7,50
20;3;FESTA D'AUTUNNO 2026;67;2026-09-08;20:27:48;2026-09-08;D;A;E;;Roberto De Robertis;PIZZERIA;K;CONTADINA;+ SALAMINO;CONTADINA + SALAMINO;1,00;7,50;7,50
20;3;FESTA D'AUTUNNO 2026;67;2026-09-08;20:27:48;2026-09-08;D;A;E;;Roberto De Robertis;PIZZERIA;K;CARBONARA;BEN COTTA;CARBONARA BEN COTTA;3,00;7,50;22,50
20;3;FESTA D'AUTUNNO 2026;67;2026-09-08;20:27:48;2026-09-08;D;A;E;;Roberto De Robertis;PIZZERIA;K;CRUDO;+ SALAMINO + CIPOLLA + FUNGHI + PROSCIUTTO + PORCHETTA BATTUTA BEN COTTA;CRUDO + SALAMINO + CIPOLLA + FUNGHI + PROSCIUTTO + PORCHETTA BATTUTA BEN COTTA;2,00;14,00;28,00
20;3;FESTA D'AUTUNNO 2026;68;2026-09-08;20:28:50;2026-09-08;D;T;C;405;;PRIMI;K;GNOCCHI RAGU';;GNOCCHI RAGU';2,00;6,00;12,00
20;3;FESTA D'AUTUNNO 2026;68;2026-09-08;20:28:50;2026-09-08;D;T;C;405;;PRIMI;I;LASAGNE AUTUNNO;;LASAGNE AUTUNNO;1,00;7,50;7,50
20;3;FESTA D'AUTUNNO 2026;68;2026-09-08;20:28:50;2026-09-08;D;T;C;405;;PRIMI;I;ANTIPASTO AUTUNNO;;ANTIPASTO AUTUNNO;2,00;6,00;12,00
20;3;FESTA D'AUTUNNO 2026;68;2026-09-08;20:28:50;2026-09-08;D;T;C;405;;SECONDI;K;SALSICCE;;SALSICCE;1,00;6,00;6,00
20;3;FESTA D'AUTUNNO 2026;68;2026-09-08;20:28:50;2026-09-08;D;T;C;405;;SECONDI;K;COSTICINE;;COSTICINE;1,00;6,00;6,00
20;3;FESTA D'AUTUNNO 2026;68;2026-09-08;20:28:50;2026-09-08;D;T;C;405;;SECONDI;K;BRACIOLA;;BRACIOLA;1,00;7,00;7,00
20;3;FESTA D'AUTUNNO 2026;68;2026-09-08;20:28:50;2026-09-08;D;T;C;405;;SECONDI;I;PATATE FRITTE;;PATATE FRITTE;3,00;3,00;9,00
20;3;FESTA D'AUTUNNO 2026;68;2026-09-08;20:28:50;2026-09-08;D;T;C;405;;BAR;I;ROSSO LITRO;;ROSSO LITRO;1,00;4,00;4,00
20;3;FESTA D'AUTUNNO 2026;68;2026-09-08;20:28:50;2026-09-08;D;T;C;405;;BAR;I;ACQUA FRIZZANTE LITRO;;ACQUA FRIZZANTE LITRO;1,00;3,00;3,00
20;3;FESTA D'AUTUNNO 2026;68;2026-09-08;20:28:50;2026-09-08;D;T;C;405;;BAR;I;CAFFE';CORRETTO GRAPPA;CAFFE' CORRETTO GRAPPA;1,00;1,50;1,50
20;3;FESTA D'AUTUNNO 2026;68;2026-09-08;20:28:50;2026-09-08;D;T;C;405;;BAR;I;CAFFE';CORRETTO SANBUCA;CAFFE' CORRETTO SANBUCA;1,00;1,50;1,50
20;3;FESTA D'AUTUNNO 2026;68;2026-09-08;20:28:50;2026-09-08;D;T;C;405;;BAR;I;CAFFE';;CAFFE';1,00;1,00;1,00
20;3;FESTA D'AUTUNNO 2026;69;2026-09-08;20:29:32;2026-09-08;D;T;C;406;;PRIMI;I;TAGLIATELLE FUNGHI;;TAGLIATELLE FUNGHI;2,00;7,00;14,00
20;3;FESTA D'AUTUNNO 2026;69;2026-09-08;20:29:32;2026-09-08;D;T;C;406;;PRIMI;I;LASAGNE AUTUNNO;;LASAGNE AUTUNNO;1,00;7,50;7,50
20;3;FESTA D'AUTUNNO 2026;69;2026-09-08;20:29:32;2026-09-08;D;T;C;406;;PRIMI;K;PENNE RAGU';;PENNE RAGU';1,00;6,00;6,00
20;3;FESTA D'AUTUNNO 2026;69;2026-09-08;20:29:32;2026-09-08;D;T;C;406;;SECONDI;K;COSTICINE;;COSTICINE;2,00;6,00;12,00
20;3;FESTA D'AUTUNNO 2026;69;2026-09-08;20:29:32;2026-09-08;D;T;C;406;;SECONDI;K;SALSICCE;;SALSICCE;1,00;6,00;6,00
20;3;FESTA D'AUTUNNO 2026;69;2026-09-08;20:29:32;2026-09-08;D;T;C;406;;SECONDI;K;BIS;;BIS;1,00;6,50;6,50
20;3;FESTA D'AUTUNNO 2026;69;2026-09-08;20:29:32;2026-09-08;D;T;C;406;;SECONDI;I;VERDURE GRIGLIATE;;VERDURE GRIGLIATE;2,00;3,50;7,00
20;3;FESTA D'AUTUNNO 2026;69;2026-09-08;20:29:32;2026-09-08;D;T;C;406;;SECONDI;I;FAGIOLI CIPOLLA;;FAGIOLI CIPOLLA;1,00;3,00;3,00
20;3;FESTA D'AUTUNNO 2026;69;2026-09-08;20:29:32;2026-09-08;D;T;C;406;;SECONDI;I;PATATE FRITTE;;PATATE FRITTE;1,00;3,00;3,00
20;3;FESTA D'AUTUNNO 2026;69;2026-09-08;20:29:32;2026-09-08;D;T;C;406;;BAR;I;ROSSO LITRO;;ROSSO LITRO;1,00;4,00;4,00
20;3;FESTA D'AUTUNNO 2026;69;2026-09-08;20:29:32;2026-09-08;D;T;C;406;;BAR;I;ACQUA FRIZZANTE LITRO;;ACQUA FRIZZANTE LITRO;1,00;3,00;3,00
20;3;FESTA D'AUTUNNO 2026;69;2026-09-08;20:29:32;2026-09-08;D;T;C;406;;BAR;I;COCACOLA;;COCACOLA;1,00;3,50;3,50
20;3;FESTA D'AUTUNNO 2026;70;2026-09-08;20:30:46;2026-09-08;D;T;E;407;;PRIMI;I;TAGLIATELLE FUNGHI;;TAGLIATELLE FUNGHI;2,00;7,00;14,00
20;3;FESTA D'AUTUNNO 2026;70;2026-09-08;20:30:46;2026-09-08;D;T;E;407;;PRIMI;I;LASAGNE AUTUNNO;;LASAGNE AUTUNNO;1,00;7,50;7,50
20;3;FESTA D'AUTUNNO 2026;70;2026-09-08;20:30:46;2026-09-08;D;T;E;407;;PRIMI;I;RAVIOLI;;RAVIOLI;2,00;6,50;13,00
20;3;FESTA D'AUTUNNO 2026;70;2026-09-08;20:30:46;2026-09-08;D;T;E;407;;PRIMI;I;ANTIPASTO AUTUNNO;;ANTIPASTO AUTUNNO;1,00;6,00;6,00
20;3;FESTA D'AUTUNNO 2026;70;2026-09-08;20:30:46;2026-09-08;D;T;E;407;;SECONDI;K;PIATTO SAGRA;;PIATTO SAGRA;2,00;14,00;28,00
20;3;FESTA D'AUTUNNO 2026;70;2026-09-08;20:30:46;2026-09-08;D;T;E;407;;SECONDI;I;PIATTO DEL GIORNO;;PIATTO DEL GIORNO;3,00;12,00;36,00
20;3;FESTA D'AUTUNNO 2026;70;2026-09-08;20:30:46;2026-09-08;D;T;E;407;;SECONDI;I;PATATE FRITTE;;PATATE FRITTE;1,00;3,00;3,00
20;3;FESTA D'AUTUNNO 2026;70;2026-09-08;20:30:46;2026-09-08;D;T;E;407;;SECONDI;I;FAGIOLI CIPOLLA;;FAGIOLI CIPOLLA;1,00;3,00;3,00
20;3;FESTA D'AUTUNNO 2026;70;2026-09-08;20:30:46;2026-09-08;D;T;E;407;;SECONDI;I;VERDURE GRIGLIATE;;VERDURE GRIGLIATE;1,00;3,50;3,50
20;3;FESTA D'AUTUNNO 2026;70;2026-09-08;20:30:46;2026-09-08;D;T;E;407;;BAR;I;CARAFFA BIONDA;;CARAFFA BIONDA;1,00;12,00;12,00
20;3;FESTA D'AUTUNNO 2026;70;2026-09-08;20:30:46;2026-09-08;D;T;E;407;;BAR;I;ACQUA FRIZZANTE LITRO;;ACQUA FRIZZANTE LITRO;1,00;3,00;3,00
20;3;FESTA D'AUTUNNO 2026;70;2026-09-08;20:30:46;2026-09-08;D;T;E;407;;BAR;I;CAFFE';CORRETTO GRAPPA;CAFFE' CORRETTO GRAPPA;2,00;1,50;3,00
20;3;FESTA D'AUTUNNO 2026;70;2026-09-08;20:30:46;2026-09-08;D;T;E;407;;BAR;I;CAFFE';;CAFFE';1,00;1,00;1,00
20;3;FESTA D'AUTUNNO 2026;70;2026-09-08;20:30:46;2026-09-08;D;T;E;407;;BAR;I;CREMA CAFFE';;CREMA CAFFE';1,00;2,50;2,50
20;3;FESTA D'AUTUNNO 2026;71;2026-09-08;20:31:33;2026-09-08;D;T;E;408;;PRIMI;K;PENNE AMATRICIANA;;PENNE AMATRICIANA;2,00;6,00;12,00
20;3;FESTA D'AUTUNNO 2026;71;2026-09-08;20:31:33;2026-09-08;D;T;E;408;;PRIMI;I;LASAGNE AUTUNNO;;LASAGNE AUTUNNO;2,00;7,50;15,00
20;3;FESTA D'AUTUNNO 2026;71;2026-09-08;20:31:33;2026-09-08;D;T;E;408;;PRIMI;I;RAVIOLI;;RAVIOLI;1,00;6,50;6,50
20;3;FESTA D'AUTUNNO 2026;71;2026-09-08;20:31:33;2026-09-08;D;T;E;408;;PRIMI;I;TAGLIATELLE FUNGHI;;TAGLIATELLE FUNGHI;2,00;7,00;14,00
20;3;FESTA D'AUTUNNO 2026;71;2026-09-08;20:31:33;2026-09-08;D;T;E;408;;SECONDI;K;BIS;;BIS;1,00;6,50;6,50
20;3;FESTA D'AUTUNNO 2026;71;2026-09-08;20:31:33;2026-09-08;D;T;E;408;;SECONDI;K;TRIS;;TRIS;1,00;11,00;11,00
20;3;FESTA D'AUTUNNO 2026;71;2026-09-08;20:31:33;2026-09-08;D;T;E;408;;SECONDI;K;PIATTO SAGRA;;PIATTO SAGRA;1,00;14,00;14,00
20;3;FESTA D'AUTUNNO 2026;71;2026-09-08;20:31:33;2026-09-08;D;T;E;408;;SECONDI;I;PIATTO DEL GIORNO;;PIATTO DEL GIORNO;3,00;12,00;36,00
20;3;FESTA D'AUTUNNO 2026;71;2026-09-08;20:31:33;2026-09-08;D;T;E;408;;SECONDI;K;SALSICCE;;SALSICCE;1,00;6,00;6,00
20;3;FESTA D'AUTUNNO 2026;71;2026-09-08;20:31:33;2026-09-08;D;T;E;408;;SECONDI;I;VERDURE GRIGLIATE;;VERDURE GRIGLIATE;2,00;3,50;7,00
20;3;FESTA D'AUTUNNO 2026;71;2026-09-08;20:31:33;2026-09-08;D;T;E;408;;SECONDI;I;FAGIOLI CIPOLLA;;FAGIOLI CIPOLLA;1,00;3,00;3,00
20;3;FESTA D'AUTUNNO 2026;71;2026-09-08;20:31:33;2026-09-08;D;T;E;408;;SECONDI;I;PATATE FRITTE;;PATATE FRITTE;3,00;3,00;9,00
20;3;FESTA D'AUTUNNO 2026;71;2026-09-08;20:31:33;2026-09-08;D;T;E;408;;BAR;I;ROSSO LITRO;;ROSSO LITRO;2,00;4,00;8,00
20;3;FESTA D'AUTUNNO 2026;71;2026-09-08;20:31:33;2026-09-08;D;T;E;408;;BAR;I;BOTTIGLIA PROSECCO;;BOTTIGLIA PROSECCO;1,00;7,00;7,00
20;3;FESTA D'AUTUNNO 2026;71;2026-09-08;20:31:33;2026-09-08;D;T;E;408;;BAR;I;SGROPPINO;;SGROPPINO;6,00;2,50;15,00
20;3;FESTA D'AUTUNNO 2026;72;2026-09-08;20:50:02;2026-09-08;D;T;E;106;;PIZZERIA;K;FORMAGGI;+ SALAMINO;FORMAGGI + SALAMINO;4,00;8,00;32,00
20;3;FESTA D'AUTUNNO 2026;72;2026-09-08;20:50:02;2026-09-08;D;T;E;106;;PIZZERIA;K;MONTANARA;;MONTANARA;2,00;7,50;15,00
20;3;FESTA D'AUTUNNO 2026;72;2026-09-08;20:50:02;2026-09-08;D;T;E;106;;PIZZERIA;K;PORCHETTA;+ FUNGHI;PORCHETTA + FUNGHI;2,00;8,50;17,00
20;3;FESTA D'AUTUNNO 2026;72;2026-09-08;20:50:02;2026-09-08;D;T;E;106;;PIZZERIA;K;CRUDO;+ Carciofi;CRUDO + Carciofi;3,00;10,50;31,50
20;3;FESTA D'AUTUNNO 2026;72;2026-09-08;20:50:02;2026-09-08;D;T;E;106;;BAR;I;BIONDA MEDIA;;BIONDA MEDIA;2,00;5,00;10,00
20;3;FESTA D'AUTUNNO 2026;72;2026-09-08;20:50:02;2026-09-08;D;T;E;106;;BAR;I;ROSSA MEDIA;;ROSSA MEDIA;2,00;5,50;11,00
20;3;FESTA D'AUTUNNO 2026;72;2026-09-08;20:50:02;2026-09-08;D;T;E;106;;BAR;I;SGROPPINO;;SGROPPINO;4,00;2,50;10,00
20;3;FESTA D'AUTUNNO 2026;73;2026-09-08;20:55:03;2026-09-08;D;T;E;502;;PRIMI;K;GNOCCHI RAGU';;GNOCCHI RAGU';1,00;6,00;6,00
20;3;FESTA D'AUTUNNO 2026;73;2026-09-08;20:55:03;2026-09-08;D;T;E;502;;PRIMI;K;PENNE AMATRICIANA;;PENNE AMATRICIANA;1,00;6,00;6,00
20;3;FESTA D'AUTUNNO 2026;73;2026-09-08;20:55:03;2026-09-08;D;T;E;502;;PRIMI;K;GNOCCHI ANATRA;;GNOCCHI ANATRA;1,00;7,00;7,00
20;3;FESTA D'AUTUNNO 2026;73;2026-09-08;20:55:03;2026-09-08;D;T;E;502;;SECONDI;K;PIATTO SAGRA;;PIATTO SAGRA;2,00;14,00;28,00
20;3;FESTA D'AUTUNNO 2026;73;2026-09-08;20:55:03;2026-09-08;D;T;E;502;;SECONDI;I;PIATTO DEL GIORNO;;PIATTO DEL GIORNO;1,00;12,00;12,00
20;3;FESTA D'AUTUNNO 2026;73;2026-09-08;20:55:03;2026-09-08;D;T;E;502;;SECONDI;I;PATATE FRITTE;;PATATE FRITTE;1,00;3,00;3,00
20;3;FESTA D'AUTUNNO 2026;73;2026-09-08;20:55:03;2026-09-08;D;T;E;502;;BAR;I;COCACOLA;;COCACOLA;2,00;3,50;7,00
20;3;FESTA D'AUTUNNO 2026;73;2026-09-08;20:55:03;2026-09-08;D;T;E;502;;BAR;I;ACQUA FRIZZANTE LITRO;;ACQUA FRIZZANTE LITRO;1,00;3,00;3,00
20;3;FESTA D'AUTUNNO 2026;73;2026-09-08;20:55:03;2026-09-08;D;T;E;502;;BAR;I;CREMA CAFFE';;CREMA CAFFE';3,00;2,50;7,50
20;3;FESTA D'AUTUNNO 2026;73;2026-09-08;20:55:03;2026-09-08;D;T;E;502;;BAR;I;CAFFE';CORRETTO GRAPPA;CAFFE' CORRETTO GRAPPA;2,00;1,50;3,00
20;3;FESTA D'AUTUNNO 2026;74;2026-09-08;20:56:54;2026-09-08;D;T;E;503;;PIZZERIA;K;MONTANARA;+ SALAMINO BEN COTTA;MONTANARA + SALAMINO BEN COTTA;1,00;8,00;8,00
20;3;FESTA D'AUTUNNO 2026;74;2026-09-08;20:56:54;2026-09-08;D;T;E;503;;PIZZERIA;K;MONTANARA;+ PORCHETTA BEN COTTA;MONTANARA + PORCHETTA BEN COTTA;3,00;8,50;25,50
20;3;FESTA D'AUTUNNO 2026;74;2026-09-08;20:56:54;2026-09-08;D;T;E;503;;PIZZERIA;K;SAPORITA;+ CRUDO;SAPORITA + CRUDO;2,00;8,00;16,00
20;3;FESTA D'AUTUNNO 2026;74;2026-09-08;20:56:54;2026-09-08;D;T;E;503;;PIZZERIA;K;CRUDO;BEN COTTA;CRUDO BEN COTTA;2,00;10,00;20,00
20;3;FESTA D'AUTUNNO 2026;74;2026-09-08;20:56:54;2026-09-08;D;T;E;503;;BAR;I;CARAFFA BIONDA;;CARAFFA BIONDA;1,00;12,00;12,00
20;3;FESTA D'AUTUNNO 2026;74;2026-09-08;20:56:54;2026-09-08;D;T;E;503;;BAR;I;CARAFFA ROSSA;;CARAFFA ROSSA;1,00;13,00;13,00
20;3;FESTA D'AUTUNNO 2026;74;2026-09-08;20:56:54;2026-09-08;D;T;E;503;;BAR;I;CROSTATA;;CROSTATA;2,00;3,50;7,00
20;3;FESTA D'AUTUNNO 2026;74;2026-09-08;20:56:54;2026-09-08;D;T;E;503;;BAR;I;PROFITEROLES;;PROFITEROLES;1,00;3,50;3,50
20;3;FESTA D'AUTUNNO 2026;74;2026-09-08;20:56:54;2026-09-08;D;T;E;503;;BAR;I;TORTA NONNA;;TORTA NONNA;2,00;3,50;7,00
20;3;FESTA D'AUTUNNO 2026;74;2026-09-08;20:56:54;2026-09-08;D;T;E;503;;BAR;I;MERINGATA;;MERINGATA;1,00;3,50;3,50
20;3;FESTA D'AUTUNNO 2026;74;2026-09-08;20:56:54;2026-09-08;D;T;E;503;;BAR;I;TARTUFO BIANCO;;TARTUFO BIANCO;1,00;3,50;3,50
20;3;FESTA D'AUTUNNO 2026;74;2026-09-08;20:56:54;2026-09-08;D;T;E;503;;BAR;I;SGROPPINO;;SGROPPINO;5,00;2,50;12,50
20;3;FESTA D'AUTUNNO 2026;74;2026-09-08;20:56:54;2026-09-08;D;T;E;503;;BAR;I;CREMA CAFFE';;CREMA CAFFE';2,00;2,50;5,00
20;3;FESTA D'AUTUNNO 2026;75;2026-09-08;20:57:36;2026-09-08;D;A;E;;Rinaldo Rinaldi;SECONDI;K;BIS;;BIS;2,00;6,50;13,00
20;3;FESTA D'AUTUNNO 2026;75;2026-09-08;20:57:36;2026-09-08;D;A;E;;Rinaldo Rinaldi;SECONDI;K;TRIS;;TRIS;2,00;11,00;22,00
20;3;FESTA D'AUTUNNO 2026;75;2026-09-08;20:57:36;2026-09-08;D;A;E;;Rinaldo Rinaldi;SECONDI;K;PIATTO SAGRA;;PIATTO SAGRA;2,00;14,00;28,00
20;3;FESTA D'AUTUNNO 2026;75;2026-09-08;20:57:36;2026-09-08;D;A;E;;Rinaldo Rinaldi;SECONDI;I;PATATE FRITTE;;PATATE FRITTE;6,00;3,00;18,00
20;3;FESTA D'AUTUNNO 2026;75;2026-09-08;20:57:36;2026-09-08;D;A;E;;Rinaldo Rinaldi;SECONDI;K;SALSICCE;;SALSICCE;4,00;6,00;24,00
20;3;FESTA D'AUTUNNO 2026;75;2026-09-08;20:57:36;2026-09-08;D;A;E;;Rinaldo Rinaldi;SECONDI;I;FAGIOLI CIPOLLA;;FAGIOLI CIPOLLA;4,00;3,00;12,00
20;3;FESTA D'AUTUNNO 2026;76;2026-09-08;20:58:48;2026-09-08;D;T;E;505;;PRIMI;K;PENNE RAGU';;PENNE RAGU';1,00;6,00;6,00
20;3;FESTA D'AUTUNNO 2026;76;2026-09-08;20:58:48;2026-09-08;D;T;E;505;;PRIMI;K;GNOCCHI RAGU';;GNOCCHI RAGU';2,00;6,00;12,00
20;3;FESTA D'AUTUNNO 2026;76;2026-09-08;20:58:48;2026-09-08;D;T;E;505;;PRIMI;K;GNOCCHI FORMAGGI;;GNOCCHI FORMAGGI;1,00;6,00;6,00
20;3;FESTA D'AUTUNNO 2026;76;2026-09-08;20:58:48;2026-09-08;D;T;E;505;;PRIMI;K;GNOCCHI ANATRA;;GNOCCHI ANATRA;2,00;7,00;14,00
20;3;FESTA D'AUTUNNO 2026;76;2026-09-08;20:58:48;2026-09-08;D;T;E;505;;PRIMI;K;PENNE AMATRICIANA;;PENNE AMATRICIANA;1,00;6,00;6,00
20;3;FESTA D'AUTUNNO 2026;76;2026-09-08;20:58:48;2026-09-08;D;T;E;505;;PRIMI;I;TAGLIATELLE FUNGHI;;TAGLIATELLE FUNGHI;1,00;7,00;7,00
20;3;FESTA D'AUTUNNO 2026;76;2026-09-08;20:58:48;2026-09-08;D;T;E;505;;PRIMI;I;LASAGNE AUTUNNO;;LASAGNE AUTUNNO;2,00;7,50;15,00
20;3;FESTA D'AUTUNNO 2026;76;2026-09-08;20:58:48;2026-09-08;D;T;E;505;;PRIMI;I;ANTIPASTO AUTUNNO;;ANTIPASTO AUTUNNO;2,00;6,00;12,00
20;3;FESTA D'AUTUNNO 2026;76;2026-09-08;20:58:48;2026-09-08;D;T;E;505;;SECONDI;K;PIATTO SAGRA;;PIATTO SAGRA;5,00;14,00;70,00
20;3;FESTA D'AUTUNNO 2026;76;2026-09-08;20:58:48;2026-09-08;D;T;E;505;;SECONDI;K;TRIS;;TRIS;2,00;11,00;22,00
20;3;FESTA D'AUTUNNO 2026;76;2026-09-08;20:58:48;2026-09-08;D;T;E;505;;SECONDI;K;BIS;;BIS;1,00;6,50;6,50
20;3;FESTA D'AUTUNNO 2026;76;2026-09-08;20:58:48;2026-09-08;D;T;E;505;;SECONDI;I;PIATTO DEL GIORNO;;PIATTO DEL GIORNO;2,00;12,00;24,00
20;3;FESTA D'AUTUNNO 2026;76;2026-09-08;20:58:48;2026-09-08;D;T;E;505;;SECONDI;I;PATATE FRITTE;;PATATE FRITTE;5,00;3,00;15,00
20;3;FESTA D'AUTUNNO 2026;76;2026-09-08;20:58:48;2026-09-08;D;T;E;505;;SECONDI;I;FAGIOLI CIPOLLA;;FAGIOLI CIPOLLA;2,00;3,00;6,00
20;3;FESTA D'AUTUNNO 2026;76;2026-09-08;20:58:48;2026-09-08;D;T;E;505;;SECONDI;I;VERDURE GRIGLIATE;;VERDURE GRIGLIATE;1,00;3,50;3,50
20;3;FESTA D'AUTUNNO 2026;76;2026-09-08;20:58:48;2026-09-08;D;T;E;505;;BAR;I;CARAFFA BIONDA;;CARAFFA BIONDA;1,00;12,00;12,00
20;3;FESTA D'AUTUNNO 2026;76;2026-09-08;20:58:48;2026-09-08;D;T;E;505;;BAR;I;CARAFFA ROSSA;;CARAFFA ROSSA;1,00;13,00;13,00
20;3;FESTA D'AUTUNNO 2026;76;2026-09-08;20:58:48;2026-09-08;D;T;E;505;;BAR;I;ACQUA FRIZZANTE LITRO;;ACQUA FRIZZANTE LITRO;1,00;3,00;3,00
20;3;FESTA D'AUTUNNO 2026;76;2026-09-08;20:58:48;2026-09-08;D;T;E;505;;BAR;I;COCACOLA;;COCACOLA;4,00;3,50;14,00
20;3;FESTA D'AUTUNNO 2026;76;2026-09-08;20:58:48;2026-09-08;D;T;E;505;;BAR;I;CREMA CAFFE';;CREMA CAFFE';5,00;2,50;12,50
20;3;FESTA D'AUTUNNO 2026;76;2026-09-08;20:58:48;2026-09-08;D;T;E;505;;BAR;I;SGROPPINO;;SGROPPINO;3,00;2,50;7,50
20;3;FESTA D'AUTUNNO 2026;77;2026-09-08;20:59:59;2026-09-08;D;T;C;506;;PRIMI;K;PENNE AMATRICIANA;;PENNE AMATRICIANA;1,00;6,00;6,00
20;3;FESTA D'AUTUNNO 2026;77;2026-09-08;20:59:59;2026-09-08;D;T;C;506;;PRIMI;K;GNOCCHI FORMAGGI;;GNOCCHI FORMAGGI;2,00;6,00;12,00
20;3;FESTA D'AUTUNNO 2026;77;2026-09-08;20:59:59;2026-09-08;D;T;C;506;;SECONDI;K;SALSICCE;;SALSICCE;2,00;6,00;12,00
20;3;FESTA D'AUTUNNO 2026;77;2026-09-08;20:59:59;2026-09-08;D;T;C;506;;SECONDI;K;COSTICINE;;COSTICINE;1,00;6,00;6,00
20;3;FESTA D'AUTUNNO 2026;77;2026-09-08;20:59:59;2026-09-08;D;T;C;506;;SECONDI;I;PATATE FRITTE;;PATATE FRITTE;2,00;3,00;6,00
20;3;FESTA D'AUTUNNO 2026;77;2026-09-08;20:59:59;2026-09-08;D;T;C;506;;SECONDI;I;FAGIOLI CIPOLLA;;FAGIOLI CIPOLLA;1,00;3,00;3,00
20;3;FESTA D'AUTUNNO 2026;77;2026-09-08;20:59:59;2026-09-08;D;T;C;506;;BAR;I;ROSSO MEZZO;;ROSSO MEZZO;1,00;2,50;2,50
20;3;FESTA D'AUTUNNO 2026;77;2026-09-08;20:59:59;2026-09-08;D;T;C;506;;BAR;I;COCACOLA;;COCACOLA;2,00;3,50;7,00
20;3;FESTA D'AUTUNNO 2026;77;2026-09-08;20:59:59;2026-09-08;D;T;C;506;;BAR;I;ACQUA FRIZZANTE MEZZO;;ACQUA FRIZZANTE MEZZO;1,00;1,50;1,50
20;3;FESTA D'AUTUNNO 2026;77;2026-09-08;20:59:59;2026-09-08;D;T;C;506;;BAR;I;CAFFE';CORRETTO GRAPPA;CAFFE' CORRETTO GRAPPA;2,00;1,50;3,00
20;3;FESTA D'AUTUNNO 2026;78;2026-09-08;21:00:56;2026-09-08;D;T;E;507;;PRIMI;K;GNOCCHI RAGU';;GNOCCHI RAGU';2,00;6,00;12,00
20;3;FESTA D'AUTUNNO 2026;78;2026-09-08;21:00:56;2026-09-08;D;T;E;507;;PRIMI;I;LASAGNE AUTUNNO;;LASAGNE AUTUNNO;2,00;7,50;15,00
20;3;FESTA D'AUTUNNO 2026;78;2026-09-08;21:00:56;2026-09-08;D;T;E;507;;SECONDI;K;PIATTO SAGRA;;PIATTO SAGRA;2,00;14,00;28,00
20;3;FESTA D'AUTUNNO 2026;78;2026-09-08;21:00:56;2026-09-08;D;T;E;507;;SECONDI;I;PIATTO DEL GIORNO;;PIATTO DEL GIORNO;2,00;12,00;24,00
20;3;FESTA D'AUTUNNO 2026;78;2026-09-08;21:00:56;2026-09-08;D;T;E;507;;SECONDI;I;FAGIOLI CIPOLLA;;FAGIOLI CIPOLLA;1,00;3,00;3,00
20;3;FESTA D'AUTUNNO 2026;78;2026-09-08;21:00:56;2026-09-08;D;T;E;507;;SECONDI;I;VERDURE GRIGLIATE;;VERDURE GRIGLIATE;1,00;3,50;3,50
20;3;FESTA D'AUTUNNO 2026;78;2026-09-08;21:00:56;2026-09-08;D;T;E;507;;BAR;I;ROSSO LITRO;;ROSSO LITRO;1,00;4,00;4,00
20;3;FESTA D'AUTUNNO 2026;78;2026-09-08;21:00:56;2026-09-08;D;T;E;507;;BAR;I;ACQUA FRIZZANTE LITRO;;ACQUA FRIZZANTE LITRO;1,00;3,00;3,00
20;3;FESTA D'AUTUNNO 2026;78;2026-09-08;21:00:56;2026-09-08;D;T;E;507;;BAR;I;TARTUFO BIANCO;;TARTUFO BIANCO;1,00;3,50;3,50
20;3;FESTA D'AUTUNNO 2026;78;2026-09-08;21:00:56;2026-09-08;D;T;E;507;;BAR;I;TARTUFO NERO;;TARTUFO NERO;1,00;3,50;3,50
20;3;FESTA D'AUTUNNO 2026;78;2026-09-08;21:00:56;2026-09-08;D;T;E;507;;BAR;I;MERINGATA;;MERINGATA;1,00;3,50;3,50
20;3;FESTA D'AUTUNNO 2026;78;2026-09-08;21:00:56;2026-09-08;D;T;E;507;;BAR;I;CAFFE';;CAFFE';3,00;1,00;3,00
20;3;FESTA D'AUTUNNO 2026;79;2026-09-08;21:01:41;2026-09-08;D;T;C;509;;PRIMI;I;LASAGNE AUTUNNO;;LASAGNE AUTUNNO;2,00;7,50;15,00
20;3;FESTA D'AUTUNNO 2026;79;2026-09-08;21:01:41;2026-09-08;D;T;C;509;;PRIMI;I;TAGLIATELLE FUNGHI;;TAGLIATELLE FUNGHI;1,00;7,00;7,00
20;3;FESTA D'AUTUNNO 2026;79;2026-09-08;21:01:41;2026-09-08;D;T;C;509;;PRIMI;I;RAVIOLI;;RAVIOLI;1,00;6,50;6,50
20;3;FESTA D'AUTUNNO 2026;79;2026-09-08;21:01:41;2026-09-08;D;T;C;509;;PRIMI;I;ANTIPASTO AUTUNNO;;ANTIPASTO AUTUNNO;1,00;6,00;6,00
20;3;FESTA D'AUTUNNO 2026;79;2026-09-08;21:01:41;2026-09-08;D;T;C;509;;SECONDI;I;PIATTO DEL GIORNO;;PIATTO DEL GIORNO;4,00;12,00;48,00
20;3;FESTA D'AUTUNNO 2026;79;2026-09-08;21:01:41;2026-09-08;D;T;C;509;;SECONDI;I;VERDURE GRIGLIATE;;VERDURE GRIGLIATE;2,00;3,50;7,00
20;3;FESTA D'AUTUNNO 2026;79;2026-09-08;21:01:41;2026-09-08;D;T;C;509;;SECONDI;I;PATATE FRITTE;;PATATE FRITTE;2,00;3,00;6,00
20;3;FESTA D'AUTUNNO 2026;79;2026-09-08;21:01:41;2026-09-08;D;T;C;509;;BAR;I;BIANCO LITRO;;BIANCO LITRO;1,00;4,00;4,00
20;3;FESTA D'AUTUNNO 2026;79;2026-09-08;21:01:41;2026-09-08;D;T;C;509;;BAR;I;ACQUA FRIZZANTE LITRO;;ACQUA FRIZZANTE LITRO;1,00;3,00;3,00
20;3;FESTA D'AUTUNNO 2026;79;2026-09-08;21:01:41;2026-09-08;D;T;C;509;;BAR;I;CREMA CAFFE';;CREMA CAFFE';2,00;2,50;5,00
20;3;FESTA D'AUTUNNO 2026;79;2026-09-08;21:01:41;2026-09-08;D;T;C;509;;BAR;I;SGROPPINO;;SGROPPINO;2,00;2,50;5,00
20;3;FESTA D'AUTUNNO 2026;80;2026-09-08;21:02:16;2026-09-08;D;T;C;412;;PRIMI;K;GNOCCHI FORMAGGI;;GNOCCHI FORMAGGI;2,00;6,00;12,00
20;3;FESTA D'AUTUNNO 2026;80;2026-09-08;21:02:16;2026-09-08;D;T;C;412;;SECONDI;K;SALSICCE;;SALSICCE;1,00;6,00;6,00
20;3;FESTA D'AUTUNNO 2026;80;2026-09-08;21:02:16;2026-09-08;D;T;C;412;;SECONDI;K;BRACIOLA;;BRACIOLA;1,00;7,00;7,00
20;3;FESTA D'AUTUNNO 2026;80;2026-09-08;21:02:16;2026-09-08;D;T;C;412;;SECONDI;I;PATATE FRITTE;;PATATE FRITTE;1,00;3,00;3,00
20;3;FESTA D'AUTUNNO 2026;80;2026-09-08;21:02:16;2026-09-08;D;T;C;412;;SECONDI;I;FAGIOLI CIPOLLA;;FAGIOLI CIPOLLA;1,00;3,00;3,00
20;3;FESTA D'AUTUNNO 2026;80;2026-09-08;21:02:16;2026-09-08;D;T;C;412;;BAR;I;COCACOLA;;COCACOLA;2,00;3,50;7,00
20;3;FESTA D'AUTUNNO 2026;80;2026-09-08;21:02:16;2026-09-08;D;T;C;412;;BAR;I;ACQUA FRIZZANTE MEZZO;;ACQUA FRIZZANTE MEZZO;1,00;1,50;1,50
20;3;FESTA D'AUTUNNO 2026;81;2026-09-08;21:03:11;2026-09-08;D;T;E;413;;PRIMI;I;TAGLIATELLE FUNGHI;;TAGLIATELLE FUNGHI;1,00;7,00;7,00
20;3;FESTA D'AUTUNNO 2026;81;2026-09-08;21:03:11;2026-09-08;D;T;E;413;;PRIMI;I;LASAGNE AUTUNNO;;LASAGNE AUTUNNO;1,00;7,50;7,50
20;3;FESTA D'AUTUNNO 2026;81;2026-09-08;21:03:11;2026-09-08;D;T;E;413;;PRIMI;I;RAVIOLI;;RAVIOLI;1,00;6,50;6,50
20;3;FESTA D'AUTUNNO 2026;81;2026-09-08;21:03:11;2026-09-08;D;T;E;413;;SECONDI;K;BIS;;BIS;1,00;6,50;6,50
20;3;FESTA D'AUTUNNO 2026;81;2026-09-08;21:03:11;2026-09-08;D;T;E;413;;SECONDI;K;TRIS;;TRIS;1,00;11,00;11,00
20;3;FESTA D'AUTUNNO 2026;81;2026-09-08;21:03:11;2026-09-08;D;T;E;413;;SECONDI;K;PIATTO SAGRA;;PIATTO SAGRA;1,00;14,00;14,00
20;3;FESTA D'AUTUNNO 2026;81;2026-09-08;21:03:11;2026-09-08;D;T;E;413;;SECONDI;I;FAGIOLI CIPOLLA;;FAGIOLI CIPOLLA;1,00;3,00;3,00
20;3;FESTA D'AUTUNNO 2026;81;2026-09-08;21:03:11;2026-09-08;D;T;E;413;;SECONDI;I;VERDURE GRIGLIATE;;VERDURE GRIGLIATE;1,00;3,50;3,50
20;3;FESTA D'AUTUNNO 2026;81;2026-09-08;21:03:11;2026-09-08;D;T;E;413;;BAR;I;ACQUA FRIZZANTE LITRO;;ACQUA FRIZZANTE LITRO;1,00;3,00;3,00
20;3;FESTA D'AUTUNNO 2026;81;2026-09-08;21:03:11;2026-09-08;D;T;E;413;;BAR;I;ACQUA NATURALE MEZZO;;ACQUA NATURALE MEZZO;1,00;2,00;2,00
20;3;FESTA D'AUTUNNO 2026;81;2026-09-08;21:03:11;2026-09-08;D;T;E;413;;BAR;I;TARTUFO BIANCO;;TARTUFO BIANCO;1,00;3,50;3,50
20;3;FESTA D'AUTUNNO 2026;81;2026-09-08;21:03:11;2026-09-08;D;T;E;413;;BAR;I;TARTUFO NERO;;TARTUFO NERO;2,00;3,50;7,00
20;3;FESTA D'AUTUNNO 2026;81;2026-09-08;21:03:11;2026-09-08;D;T;E;413;;BAR;I;CAFFE';;CAFFE';3,00;1,00;3,00
20;3;FESTA D'AUTUNNO 2026;82;2026-09-08;21:04:31;2026-09-08;D;A;E;;Riccardi Riccardi;PIZZERIA;K;PROSCIUTTO FUNGHI;+ SALAMINO;PROSCIUTTO FUNGHI + SALAMINO;3,00;7,50;22,50
20;3;FESTA D'AUTUNNO 2026;82;2026-09-08;21:04:31;2026-09-08;D;A;E;;Riccardi Riccardi;PIZZERIA;K;FORMAGGI;+ SALAMINO;FORMAGGI + SALAMINO;2,00;8,00;16,00
20;3;FESTA D'AUTUNNO 2026;82;2026-09-08;21:04:31;2026-09-08;D;A;E;;Riccardi Riccardi;PIZZERIA;K;CRUDO;BEN COTTA;CRUDO BEN COTTA;1,00;10,00;10,00
20;3;FESTA D'AUTUNNO 2026;82;2026-09-08;21:04:31;2026-09-08;D;A;E;;Riccardi Riccardi;PIZZERIA;K;PORCHETTA;BEN COTTA;PORCHETTA BEN COTTA;1,00;8,00;8,00
20;3;FESTA D'AUTUNNO 2026;83;2026-09-08;21:55:57;2026-09-08;D;T;E;508;Leo;PRIMI;K;PENNE FORMAGGI;;PENNE FORMAGGI;1,00;6,00;6,00
20;3;FESTA D'AUTUNNO 2026;83;2026-09-08;21:55:57;2026-09-08;D;T;E;508;Leo;PRIMI;K;GNOCCHI FORMAGGI;;GNOCCHI FORMAGGI;1,00;6,00;6,00
20;3;FESTA D'AUTUNNO 2026;83;2026-09-08;21:55:57;2026-09-08;D;T;E;508;Leo;PRIMI;I;LASAGNE AUTUNNO;;LASAGNE AUTUNNO;1,00;7,50;7,50
20;3;FESTA D'AUTUNNO 2026;83;2026-09-08;21:55:57;2026-09-08;D;T;E;508;Leo;PRIMI;I;TAGLIERE FORMAGGI;;TAGLIERE FORMAGGI;1,00;7,00;7,00
20;3;FESTA D'AUTUNNO 2026;83;2026-09-08;21:55:57;2026-09-08;D;T;E;508;Leo;SECONDI;K;SALSICCE;;SALSICCE;1,00;6,00;6,00
20;3;FESTA D'AUTUNNO 2026;83;2026-09-08;21:55:57;2026-09-08;D;T;E;508;Leo;SECONDI;K;BRACIOLA;;BRACIOLA;1,00;7,00;7,00
20;3;FESTA D'AUTUNNO 2026;83;2026-09-08;21:55:57;2026-09-08;D;T;E;508;Leo;SECONDI;K;TRIS;;TRIS;1,00;11,00;11,00
20;3;FESTA D'AUTUNNO 2026;83;2026-09-08;21:55:57;2026-09-08;D;T;E;508;Leo;SECONDI;I;FAGIOLI CIPOLLA;;FAGIOLI CIPOLLA;1,00;3,00;3,00
20;3;FESTA D'AUTUNNO 2026;83;2026-09-08;21:55:57;2026-09-08;D;T;E;508;Leo;SECONDI;I;PATATE FRITTE;;PATATE FRITTE;2,00;3,00;6,00
20;3;FESTA D'AUTUNNO 2026;83;2026-09-08;21:55:57;2026-09-08;D;T;E;508;Leo;BAR;I;BIONDA MEDIA;;BIONDA MEDIA;1,00;5,00;5,00
20;3;FESTA D'AUTUNNO 2026;83;2026-09-08;21:55:57;2026-09-08;D;T;E;508;Leo;BAR;I;ROSSA MEDIA;;ROSSA MEDIA;2,00;5,50;11,00
20;3;FESTA D'AUTUNNO 2026;83;2026-09-08;21:55:57;2026-09-08;D;T;E;508;Leo;BAR;I;CREMA CAFFE';;CREMA CAFFE';3,00;2,50;7,50
20;3;FESTA D'AUTUNNO 2026;84;2026-09-08;21:56:41;2026-09-08;D;T;E;506;;SECONDI;K;TRIS;;TRIS;1,00;11,00;11,00
20;3;FESTA D'AUTUNNO 2026;84;2026-09-08;21:56:41;2026-09-08;D;T;E;506;;SECONDI;K;PIATTO SAGRA;;PIATTO SAGRA;1,00;14,00;14,00
20;3;FESTA D'AUTUNNO 2026;84;2026-09-08;21:56:41;2026-09-08;D;T;E;506;;SECONDI;I;PIATTO DEL GIORNO;;PIATTO DEL GIORNO;2,00;12,00;24,00
20;3;FESTA D'AUTUNNO 2026;84;2026-09-08;21:56:41;2026-09-08;D;T;E;506;;SECONDI;I;PATATE FRITTE;;PATATE FRITTE;1,00;3,00;3,00
20;3;FESTA D'AUTUNNO 2026;84;2026-09-08;21:56:41;2026-09-08;D;T;E;506;;SECONDI;I;FAGIOLI CIPOLLA;;FAGIOLI CIPOLLA;1,00;3,00;3,00
20;3;FESTA D'AUTUNNO 2026;84;2026-09-08;21:56:41;2026-09-08;D;T;E;506;;SECONDI;I;VERDURE GRIGLIATE;;VERDURE GRIGLIATE;2,00;3,50;7,00
20;3;FESTA D'AUTUNNO 2026;84;2026-09-08;21:56:41;2026-09-08;D;T;E;506;;BAR;I;COCACOLA;;COCACOLA;2,00;3,50;7,00
20;3;FESTA D'AUTUNNO 2026;84;2026-09-08;21:56:41;2026-09-08;D;T;E;506;;BAR;I;ARANCIATA;;ARANCIATA;1,00;3,00;3,00
20;3;FESTA D'AUTUNNO 2026;84;2026-09-08;21:56:41;2026-09-08;D;T;E;506;;BAR;I;ACQUA FRIZZANTE LITRO;;ACQUA FRIZZANTE LITRO;1,00;3,00;3,00
20;3;FESTA D'AUTUNNO 2026;84;2026-09-08;21:56:41;2026-09-08;D;T;E;506;;BAR;I;TARTUFO NERO;;TARTUFO NERO;1,00;3,50;3,50
20;3;FESTA D'AUTUNNO 2026;84;2026-09-08;21:56:41;2026-09-08;D;T;E;506;;BAR;I;TARTUFO BIANCO;;TARTUFO BIANCO;2,00;3,50;7,00
20;3;FESTA D'AUTUNNO 2026;84;2026-09-08;21:56:41;2026-09-08;D;T;E;506;;BAR;I;MERINGATA;;MERINGATA;1,00;3,50;3,50
20;3;FESTA D'AUTUNNO 2026;84;2026-09-08;21:56:41;2026-09-08;D;T;E;506;;BAR;I;CAFFE';;CAFFE';4,00;1,00;4,00
20;3;FESTA D'AUTUNNO 2026;85;2026-09-08;21:57:13;2026-09-08;D;T;C;609;;PRIMI;K;GNOCCHI ANATRA;;GNOCCHI ANATRA;1,00;7,00;7,00
20;3;FESTA D'AUTUNNO 2026;85;2026-09-08;21:57:13;2026-09-08;D;T;C;609;;PRIMI;K;GNOCCHI FORMAGGI;;GNOCCHI FORMAGGI;1,00;6,00;6,00
20;3;FESTA D'AUTUNNO 2026;85;2026-09-08;21:57:13;2026-09-08;D;T;C;609;;SECONDI;I;PIATTO DEL GIORNO;;PIATTO DEL GIORNO;2,00;12,00;24,00
20;3;FESTA D'AUTUNNO 2026;85;2026-09-08;21:57:13;2026-09-08;D;T;C;609;;SECONDI;I;VERDURE GRIGLIATE;;VERDURE GRIGLIATE;2,00;3,50;7,00
20;3;FESTA D'AUTUNNO 2026;85;2026-09-08;21:57:13;2026-09-08;D;T;C;609;;BAR;I;ACQUA FRIZZANTE LITRO;;ACQUA FRIZZANTE LITRO;1,00;3,00;3,00
20;3;FESTA D'AUTUNNO 2026;85;2026-09-08;21:57:13;2026-09-08;D;T;C;609;;BAR;I;ACQUA NATURALE LITRO;;ACQUA NATURALE LITRO;1,00;3,00;3,00
20;3;FESTA D'AUTUNNO 2026;85;2026-09-08;21:57:13;2026-09-08;D;T;C;609;;BAR;I;SGROPPINO;;SGROPPINO;2,00;2,50;5,00
20;3;FESTA D'AUTUNNO 2026;86;2026-09-08;21:58:04;2026-09-08;D;T;E;608;;PRIMI;K;PENNE AMATRICIANA;;PENNE AMATRICIANA;1,00;6,00;6,00
20;3;FESTA D'AUTUNNO 2026;86;2026-09-08;21:58:04;2026-09-08;D;T;E;608;;PRIMI;I;RAVIOLI;;RAVIOLI;1,00;6,50;6,50
20;3;FESTA D'AUTUNNO 2026;86;2026-09-08;21:58:04;2026-09-08;D;T;E;608;;PRIMI;I;LASAGNE AUTUNNO;;LASAGNE AUTUNNO;1,00;7,50;7,50
20;3;FESTA D'AUTUNNO 2026;86;2026-09-08;21:58:04;2026-09-08;D;T;E;608;;PRIMI;I;ANTIPASTO AUTUNNO;;ANTIPASTO AUTUNNO;1,00;6,00;6,00
20;3;FESTA D'AUTUNNO 2026;86;2026-09-08;21:58:04;2026-09-08;D;T;E;608;;SECONDI;K;SALSICCE;;SALSICCE;1,00;6,00;6,00
20;3;FESTA D'AUTUNNO 2026;86;2026-09-08;21:58:04;2026-09-08;D;T;E;608;;SECONDI;K;COSTICINE;;COSTICINE;1,00;6,00;6,00
20;3;FESTA D'AUTUNNO 2026;86;2026-09-08;21:58:04;2026-09-08;D;T;E;608;;SECONDI;K;BRACIOLA;;BRACIOLA;1,00;7,00;7,00
20;3;FESTA D'AUTUNNO 2026;86;2026-09-08;21:58:04;2026-09-08;D;T;E;608;;SECONDI;I;PATATE FRITTE;;PATATE FRITTE;3,00;3,00;9,00
20;3;FESTA D'AUTUNNO 2026;86;2026-09-08;21:58:04;2026-09-08;D;T;E;608;;BAR;I;COCACOLA;;COCACOLA;3,00;3,50;10,50
20;3;FESTA D'AUTUNNO 2026;86;2026-09-08;21:58:04;2026-09-08;D;T;E;608;;BAR;I;ACQUA FRIZZANTE MEZZO;;ACQUA FRIZZANTE MEZZO;1,00;1,50;1,50
20;3;FESTA D'AUTUNNO 2026;86;2026-09-08;21:58:04;2026-09-08;D;T;E;608;;BAR;I;CAFFE';;CAFFE';3,00;1,00;3,00
20;3;FESTA D'AUTUNNO 2026;87;2026-09-08;21:59:46;2026-09-08;D;A;E;;Marco De Marchi;PIZZERIA;K;PROSCIUTTO FUNGHI;;PROSCIUTTO FUNGHI;1,00;7,00;7,00
20;3;FESTA D'AUTUNNO 2026;87;2026-09-08;21:59:46;2026-09-08;D;A;E;;Marco De Marchi;PIZZERIA;K;CAPRICCIOSA;+ SALAMINO;CAPRICCIOSA + SALAMINO;1,00;8,00;8,00
20;3;FESTA D'AUTUNNO 2026;87;2026-09-08;21:59:46;2026-09-08;D;A;E;;Marco De Marchi;PIZZERIA;K;CARBONARA;;CARBONARA;3,00;7,50;22,50
20;3;FESTA D'AUTUNNO 2026;87;2026-09-08;21:59:46;2026-09-08;D;A;E;;Marco De Marchi;PIZZERIA;K;CRUDO;;CRUDO;1,00;10,00;10,00
20;3;FESTA D'AUTUNNO 2026;87;2026-09-08;21:59:46;2026-09-08;D;A;E;;Marco De Marchi;PIZZERIA;K;PORCHETTA;+ FUNGHI BATTUTA;PORCHETTA + FUNGHI BATTUTA;1,00;9,50;9,50
20;3;FESTA D'AUTUNNO 2026;87;2026-09-08;21:59:46;2026-09-08;D;A;E;;Marco De Marchi;PIZZERIA;K;TONNO CIPOLLA;;TONNO CIPOLLA;2,00;7,00;14,00
20;3;FESTA D'AUTUNNO 2026;88;2026-09-08;22:00:24;2026-09-08;D;T;E;513;;PRIMI;K;PENNE RAGU';;PENNE RAGU';1,00;6,00;6,00
20;3;FESTA D'AUTUNNO 2026;88;2026-09-08;22:00:24;2026-09-08;D;T;E;513;;PRIMI;K;GNOCCHI RAGU';;GNOCCHI RAGU';2,00;6,00;12,00
20;3;FESTA D'AUTUNNO 2026;88;2026-09-08;22:00:24;2026-09-08;D;T;E;513;;PRIMI;K;GNOCCHI FORMAGGI;;GNOCCHI FORMAGGI;1,00;6,00;6,00
20;3;FESTA D'AUTUNNO 2026;88;2026-09-08;22:00:24;2026-09-08;D;T;E;513;;SECONDI;K;BRACIOLA;;BRACIOLA;2,00;7,00;14,00
20;3;FESTA D'AUTUNNO 2026;88;2026-09-08;22:00:24;2026-09-08;D;T;E;513;;SECONDI;K;TRIS;;TRIS;1,00;11,00;11,00
20;3;FESTA D'AUTUNNO 2026;88;2026-09-08;22:00:24;2026-09-08;D;T;E;513;;SECONDI;K;PIATTO SAGRA;;PIATTO SAGRA;1,00;14,00;14,00
20;3;FESTA D'AUTUNNO 2026;88;2026-09-08;22:00:24;2026-09-08;D;T;E;513;;SECONDI;I;FAGIOLI CIPOLLA;;FAGIOLI CIPOLLA;2,00;3,00;6,00
20;3;FESTA D'AUTUNNO 2026;88;2026-09-08;22:00:24;2026-09-08;D;T;E;513;;SECONDI;I;PATATE FRITTE;;PATATE FRITTE;1,00;3,00;3,00
20;3;FESTA D'AUTUNNO 2026;88;2026-09-08;22:00:24;2026-09-08;D;T;E;513;;BAR;I;ACQUA FRIZZANTE LITRO;;ACQUA FRIZZANTE LITRO;2,00;3,00;6,00
20;3;FESTA D'AUTUNNO 2026;88;2026-09-08;22:00:24;2026-09-08;D;T;E;513;;BAR;I;COCACOLA;;COCACOLA;2,00;3,50;7,00
20;3;FESTA D'AUTUNNO 2026;88;2026-09-08;22:00:24;2026-09-08;D;T;E;513;;BAR;I;CREMA CAFFE';;CREMA CAFFE';1,00;2,50;2,50
20;3;FESTA D'AUTUNNO 2026;88;2026-09-08;22:00:24;2026-09-08;D;T;E;513;;BAR;I;SGROPPINO;;SGROPPINO;3,00;2,50;7,50
20;3;FESTA D'AUTUNNO 2026;89;2026-09-08;22:01:46;2026-09-08;D;T;E;514;;PRIMI;I;ANTIPASTO AUTUNNO;;ANTIPASTO AUTUNNO;2,00;6,00;12,00
20;3;FESTA D'AUTUNNO 2026;89;2026-09-08;22:01:46;2026-09-08;D;T;E;514;;PIZZERIA;K;CONTADINA;BEN COTTA;CONTADINA BEN COTTA;1,00;7,00;7,00
20;3;FESTA D'AUTUNNO 2026;89;2026-09-08;22:01:46;2026-09-08;D;T;E;514;;PIZZERIA;K;CARBONARA;BATTUTA;CARBONARA BATTUTA;1,00;8,50;8,50
20;3;FESTA D'AUTUNNO 2026;89;2026-09-08;22:01:46;2026-09-08;D;T;E;514;;PIZZERIA;K;VERDURE;;VERDURE;2,00;7,00;14,00
20;3;FESTA D'AUTUNNO 2026;89;2026-09-08;22:01:46;2026-09-08;D;T;E;514;;PIZZERIA;K;FORMAGGI;+ SALAMINO BEN COTTA;FORMAGGI + SALAMINO BEN COTTA;1,00;8,00;8,00
20;3;FESTA D'AUTUNNO 2026;89;2026-09-08;22:01:46;2026-09-08;D;T;E;514;;BAR;I;COCACOLA;;COCACOLA;2,00;3,50;7,00
20;3;FESTA D'AUTUNNO 2026;89;2026-09-08;22:01:46;2026-09-08;D;T;E;514;;BAR;I;ARANCIATA;;ARANCIATA;1,00;3,00;3,00
20;3;FESTA D'AUTUNNO 2026;89;2026-09-08;22:01:46;2026-09-08;D;T;E;514;;BAR;I;BIONDA MEDIA;;BIONDA MEDIA;2,00;5,00;10,00
20;3;FESTA D'AUTUNNO 2026;89;2026-09-08;22:01:46;2026-09-08;D;T;E;514;;BAR;I;ACQUA NATURALE LITRO;;ACQUA NATURALE LITRO;1,00;3,00;3,00
20;3;FESTA D'AUTUNNO 2026;89;2026-09-08;22:01:46;2026-09-08;D;T;E;514;;BAR;I;TARTUFO NERO;;TARTUFO NERO;1,00;3,50;3,50
20;3;FESTA D'AUTUNNO 2026;89;2026-09-08;22:01:46;2026-09-08;D;T;E;514;;BAR;I;TARTUFO BIANCO;;TARTUFO BIANCO;2,00;3,50;7,00
20;3;FESTA D'AUTUNNO 2026;89;2026-09-08;22:01:46;2026-09-08;D;T;E;514;;BAR;I;MERINGATA;;MERINGATA;1,00;3,50;3,50
20;3;FESTA D'AUTUNNO 2026;89;2026-09-08;22:01:46;2026-09-08;D;T;E;514;;BAR;I;TORTA NONNA;;TORTA NONNA;1,00;3,50;3,50
20;3;FESTA D'AUTUNNO 2026;89;2026-09-08;22:01:46;2026-09-08;D;T;E;514;;BAR;I;CAFFE';;CAFFE';3,00;1,00;3,00
20;3;FESTA D'AUTUNNO 2026;89;2026-09-08;22:01:46;2026-09-08;D;T;E;514;;BAR;I;CAFFE';CORRETTO GRAPPA;CAFFE' CORRETTO GRAPPA;2,00;1,50;3,00
20;3;FESTA D'AUTUNNO 2026;90;2026-09-08;22:03:16;2026-09-08;D;T;E;414;;PRIMI;K;PENNE FORMAGGI;;PENNE FORMAGGI;1,00;6,00;6,00
20;3;FESTA D'AUTUNNO 2026;90;2026-09-08;22:03:16;2026-09-08;D;T;E;414;;PRIMI;K;GNOCCHI FORMAGGI;;GNOCCHI FORMAGGI;1,00;6,00;6,00
20;3;FESTA D'AUTUNNO 2026;90;2026-09-08;22:03:16;2026-09-08;D;T;E;414;;PRIMI;K;GNOCCHI ANATRA;;GNOCCHI ANATRA;1,00;7,00;7,00
20;3;FESTA D'AUTUNNO 2026;90;2026-09-08;22:03:16;2026-09-08;D;T;E;414;;PRIMI;I;LASAGNE AUTUNNO;;LASAGNE AUTUNNO;2,00;7,50;15,00
20;3;FESTA D'AUTUNNO 2026;90;2026-09-08;22:03:16;2026-09-08;D;T;E;414;;PRIMI;I;TAGLIATELLE FUNGHI;;TAGLIATELLE FUNGHI;1,00;7,00;7,00
20;3;FESTA D'AUTUNNO 2026;90;2026-09-08;22:03:16;2026-09-08;D;T;E;414;;PRIMI;I;RAVIOLI;;RAVIOLI;1,00;6,50;6,50
20;3;FESTA D'AUTUNNO 2026;90;2026-09-08;22:03:16;2026-09-08;D;T;E;414;;SECONDI;K;SALSICCE;;SALSICCE;1,00;6,00;6,00
20;3;FESTA D'AUTUNNO 2026;90;2026-09-08;22:03:16;2026-09-08;D;T;E;414;;SECONDI;K;COSTICINE;;COSTICINE;1,00;6,00;6,00
20;3;FESTA D'AUTUNNO 2026;90;2026-09-08;22:03:16;2026-09-08;D;T;E;414;;SECONDI;K;BRACIOLA;;BRACIOLA;2,00;7,00;14,00
20;3;FESTA D'AUTUNNO 2026;90;2026-09-08;22:03:16;2026-09-08;D;T;E;414;;SECONDI;K;BIS;;BIS;1,00;6,50;6,50
20;3;FESTA D'AUTUNNO 2026;90;2026-09-08;22:03:16;2026-09-08;D;T;E;414;;SECONDI;K;TRIS;;TRIS;1,00;11,00;11,00
20;3;FESTA D'AUTUNNO 2026;90;2026-09-08;22:03:16;2026-09-08;D;T;E;414;;SECONDI;K;PIATTO SAGRA;;PIATTO SAGRA;1,00;14,00;14,00
20;3;FESTA D'AUTUNNO 2026;90;2026-09-08;22:03:16;2026-09-08;D;T;E;414;;SECONDI;I;FAGIOLI CIPOLLA;;FAGIOLI CIPOLLA;2,00;3,00;6,00
20;3;FESTA D'AUTUNNO 2026;90;2026-09-08;22:03:16;2026-09-08;D;T;E;414;;SECONDI;I;VERDURE GRIGLIATE;;VERDURE GRIGLIATE;1,00;3,50;3,50
20;3;FESTA D'AUTUNNO 2026;90;2026-09-08;22:03:16;2026-09-08;D;T;E;414;;SECONDI;I;PATATE FRITTE;;PATATE FRITTE;2,00;3,00;6,00
20;3;FESTA D'AUTUNNO 2026;90;2026-09-08;22:03:16;2026-09-08;D;T;E;414;;BAR;I;CARAFFA BIONDA;;CARAFFA BIONDA;1,00;12,00;12,00
20;3;FESTA D'AUTUNNO 2026;90;2026-09-08;22:03:16;2026-09-08;D;T;E;414;;BAR;I;CARAFFA ROSSA;;CARAFFA ROSSA;1,00;13,00;13,00
20;3;FESTA D'AUTUNNO 2026;90;2026-09-08;22:03:16;2026-09-08;D;T;E;414;;BAR;I;COCACOLA;;COCACOLA;2,00;3,50;7,00
20;3;FESTA D'AUTUNNO 2026;90;2026-09-08;22:03:16;2026-09-08;D;T;E;414;;BAR;I;ACQUA FRIZZANTE LITRO;;ACQUA FRIZZANTE LITRO;1,00;3,00;3,00
20;3;FESTA D'AUTUNNO 2026;91;2026-09-08;22:04:38;2026-09-08;D;T;E;314;;PRIMI;I;TAGLIATELLE FUNGHI;;TAGLIATELLE FUNGHI;1,00;7,00;7,00
20;3;FESTA D'AUTUNNO 2026;91;2026-09-08;22:04:38;2026-09-08;D;T;E;314;;PRIMI;I;LASAGNE AUTUNNO;;LASAGNE AUTUNNO;1,00;7,50;7,50
20;3;FESTA D'AUTUNNO 2026;91;2026-09-08;22:04:38;2026-09-08;D;T;E;314;;PRIMI;I;RAVIOLI;;RAVIOLI;1,00;6,50;6,50
20;3;FESTA D'AUTUNNO 2026;91;2026-09-08;22:04:38;2026-09-08;D;T;E;314;;PRIMI;I;ANTIPASTO AUTUNNO;;ANTIPASTO AUTUNNO;1,00;6,00;6,00
20;3;FESTA D'AUTUNNO 2026;91;2026-09-08;22:04:38;2026-09-08;D;T;E;314;;SECONDI;K;TRIS;;TRIS;3,00;11,00;33,00
20;3;FESTA D'AUTUNNO 2026;91;2026-09-08;22:04:38;2026-09-08;D;T;E;314;;SECONDI;I;PATATE FRITTE;;PATATE FRITTE;2,00;3,00;6,00
20;3;FESTA D'AUTUNNO 2026;91;2026-09-08;22:04:38;2026-09-08;D;T;E;314;;SECONDI;I;VERDURE GRIGLIATE;;VERDURE GRIGLIATE;1,00;3,50;3,50
20;3;FESTA D'AUTUNNO 2026;91;2026-09-08;22:04:38;2026-09-08;D;T;E;314;;BAR;I;CARAFFA BIONDA;;CARAFFA BIONDA;1,00;12,00;12,00
20;3;FESTA D'AUTUNNO 2026;91;2026-09-08;22:04:38;2026-09-08;D;T;E;314;;BAR;I;SGROPPINO;;SGROPPINO;3,00;2,50;7,50
20;3;FESTA D'AUTUNNO 2026;92;2026-09-09;20:35:02;2026-09-09;D;T;C;712;;MENU;M;MENU' SAGRA BIONDA;;MENU' SAGRA BIONDA;1,00;18,00;18,00
20;3;FESTA D'AUTUNNO 2026;92;2026-09-09;20:35:02;2026-09-09;D;T;C;712;;MENU;M;MENU' SAGRA ROSSA;;MENU' SAGRA ROSSA;1,00;18,00;18,00
20;3;FESTA D'AUTUNNO 2026;92;2026-09-09;20:35:02;2026-09-09;D;T;C;712;;BAR;I;MERINGATA;;MERINGATA;2,00;3,50;7,00
20;3;FESTA D'AUTUNNO 2026;92;2026-09-09;20:35:02;2026-09-09;D;T;C;712;;BAR;I;CREMA CAFFE';;CREMA CAFFE';2,00;2,50;5,00
20;3;FESTA D'AUTUNNO 2026;93;2026-09-09;20:40:19;2026-09-09;D;T;C;608;;PRIMI;K;PENNE RAGU';;PENNE RAGU';1,00;6,00;6,00
20;3;FESTA D'AUTUNNO 2026;93;2026-09-09;20:40:19;2026-09-09;D;T;C;608;;PRIMI;K;PENNE FORMAGGI;;PENNE FORMAGGI;1,00;6,00;6,00
20;3;FESTA D'AUTUNNO 2026;93;2026-09-09;20:40:19;2026-09-09;D;T;C;608;;PRIMI;K;PENNE AMATRICIANA;;PENNE AMATRICIANA;1,00;6,00;6,00
20;3;FESTA D'AUTUNNO 2026;93;2026-09-09;20:40:19;2026-09-09;D;T;C;608;;PRIMI;K;GNOCCHI RAGU';;GNOCCHI RAGU';1,00;6,00;6,00
20;3;FESTA D'AUTUNNO 2026;93;2026-09-09;20:40:19;2026-09-09;D;T;C;608;;PRIMI;K;GNOCCHI FORMAGGI;;GNOCCHI FORMAGGI;1,00;6,00;6,00
20;3;FESTA D'AUTUNNO 2026;93;2026-09-09;20:40:19;2026-09-09;D;T;C;608;;PRIMI;I;TAGLIATELLE FUNGHI;;TAGLIATELLE FUNGHI;1,00;7,00;7,00
20;3;FESTA D'AUTUNNO 2026;93;2026-09-09;20:40:19;2026-09-09;D;T;C;608;;PRIMI;I;LASAGNE AUTUNNO;;LASAGNE AUTUNNO;1,00;7,50;7,50
20;3;FESTA D'AUTUNNO 2026;93;2026-09-09;20:40:19;2026-09-09;D;T;C;608;;PRIMI;I;RAVIOLI;;RAVIOLI;1,00;6,50;6,50
20;3;FESTA D'AUTUNNO 2026;93;2026-09-09;20:40:19;2026-09-09;D;T;C;608;;PRIMI;I;ANTIPASTO AUTUNNO;;ANTIPASTO AUTUNNO;1,00;6,00;6,00
20;3;FESTA D'AUTUNNO 2026;93;2026-09-09;20:40:19;2026-09-09;D;T;C;608;;SECONDI;K;BIS;;BIS;2,00;6,50;13,00
20;3;FESTA D'AUTUNNO 2026;93;2026-09-09;20:40:19;2026-09-09;D;T;C;608;;SECONDI;K;TRIS;;TRIS;1,00;11,00;11,00
20;3;FESTA D'AUTUNNO 2026;93;2026-09-09;20:40:19;2026-09-09;D;T;C;608;;SECONDI;K;BRACIOLA;;BRACIOLA;8,00;7,00;56,00
20;3;FESTA D'AUTUNNO 2026;93;2026-09-09;20:40:19;2026-09-09;D;T;C;608;;SECONDI;I;PATATE FRITTE;;PATATE FRITTE;1,00;3,00;3,00
20;3;FESTA D'AUTUNNO 2026;93;2026-09-09;20:40:19;2026-09-09;D;T;C;608;;SECONDI;I;FAGIOLI CIPOLLA;;FAGIOLI CIPOLLA;1,00;3,00;3,00
20;3;FESTA D'AUTUNNO 2026;93;2026-09-09;20:40:19;2026-09-09;D;T;C;608;;SECONDI;I;VERDURE GRIGLIATE;;VERDURE GRIGLIATE;1,00;3,50;3,50
20;3;FESTA D'AUTUNNO 2026;93;2026-09-09;20:40:19;2026-09-09;D;T;C;608;;SECONDI;I;PIATTO DEL GIORNO;;PIATTO DEL GIORNO;10,00;12,00;120,00
20;3;FESTA D'AUTUNNO 2026;93;2026-09-09;20:40:19;2026-09-09;D;T;C;608;;BAR;I;CARAFFA BIONDA;;CARAFFA BIONDA;3,00;12,00;36,00
20;3;FESTA D'AUTUNNO 2026;93;2026-09-09;20:40:19;2026-09-09;D;T;C;608;;BAR;I;CARAFFA ROSSA;;CARAFFA ROSSA;3,00;13,00;39,00
20;3;FESTA D'AUTUNNO 2026;93;2026-09-09;20:40:19;2026-09-09;D;T;C;608;;MENU;M;MENU' SAGRA BIONDA;;MENU' SAGRA BIONDA;2,00;18,00;36,00
20;3;FESTA D'AUTUNNO 2026;93;2026-09-09;20:40:19;2026-09-09;D;T;C;608;;MENU;M;MENU' SAGRA ROSSA;;MENU' SAGRA ROSSA;2,00;18,00;36,00
20;3;FESTA D'AUTUNNO 2026;94;2026-09-09;21:22:29;2026-09-09;D;T;E;305;;PRIMI;K;GNOCCHI RAGU';;GNOCCHI RAGU';1,00;6,00;6,00
20;3;FESTA D'AUTUNNO 2026;94;2026-09-09;21:22:29;2026-09-09;D;T;E;305;;PRIMI;K;GNOCCHI FORMAGGI;;GNOCCHI FORMAGGI;1,00;6,00;6,00
20;3;FESTA D'AUTUNNO 2026;94;2026-09-09;21:22:29;2026-09-09;D;T;E;305;;PRIMI;I;TAGLIATELLE FUNGHI;;TAGLIATELLE FUNGHI;1,00;7,00;7,00
20;3;FESTA D'AUTUNNO 2026;94;2026-09-09;21:22:29;2026-09-09;D;T;E;305;;PRIMI;I;ANTIPASTO AUTUNNO;;ANTIPASTO AUTUNNO;1,00;6,00;6,00
20;3;FESTA D'AUTUNNO 2026;94;2026-09-09;21:22:29;2026-09-09;D;T;E;305;;SECONDI;K;TRIS;;TRIS;1,00;11,00;11,00
20;3;FESTA D'AUTUNNO 2026;94;2026-09-09;21:22:29;2026-09-09;D;T;E;305;;SECONDI;I;PIATTO DEL GIORNO;;PIATTO DEL GIORNO;2,00;12,00;24,00
20;3;FESTA D'AUTUNNO 2026;94;2026-09-09;21:22:29;2026-09-09;D;T;E;305;;SECONDI;K;BRACIOLA;;BRACIOLA;1,00;7,00;7,00
20;3;FESTA D'AUTUNNO 2026;94;2026-09-09;21:22:29;2026-09-09;D;T;E;305;;SECONDI;I;PATATE FRITTE;;PATATE FRITTE;3,00;3,00;9,00
20;3;FESTA D'AUTUNNO 2026;94;2026-09-09;21:22:29;2026-09-09;D;T;E;305;;BAR;I;BIONDA MEDIA;;BIONDA MEDIA;2,00;5,00;10,00
20;3;FESTA D'AUTUNNO 2026;94;2026-09-09;21:22:29;2026-09-09;D;T;E;305;;BAR;I;ROSSA MEDIA;;ROSSA MEDIA;2,00;5,50;11,00
20;3;FESTA D'AUTUNNO 2026;94;2026-09-09;21:22:29;2026-09-09;D;T;E;305;;BAR;I;SGROPPINO;;SGROPPINO;3,00;2,50;7,50
20;3;FESTA D'AUTUNNO 2026;95;2026-09-09;21:24:08;2026-09-09;D;T;E;206;;PIZZERIA;K;TONNO CIPOLLA;+ SALAMINO;TONNO CIPOLLA + SALAMINO;1,00;7,50;7,50
20;3;FESTA D'AUTUNNO 2026;95;2026-09-09;21:24:08;2026-09-09;D;T;E;206;;PIZZERIA;K;CRUDO;BATTUTA BEN COTTA;CRUDO BATTUTA BEN COTTA;1,00;11,00;11,00
20;3;FESTA D'AUTUNNO 2026;95;2026-09-09;21:24:08;2026-09-09;D;T;E;206;;PIZZERIA;K;VERDURE;+ PORCHETTA;VERDURE + PORCHETTA;1,00;8,00;8,00
20;3;FESTA D'AUTUNNO 2026;95;2026-09-09;21:24:08;2026-09-09;D;T;E;206;;PIZZERIA;K;QUATTRO STAGIONI;;QUATTRO STAGIONI;2,00;7,50;15,00
20;3;FESTA D'AUTUNNO 2026;95;2026-09-09;21:24:08;2026-09-09;D;T;E;206;;BAR;I;BIONDA MEDIA;;BIONDA MEDIA;2,00;5,00;10,00
20;3;FESTA D'AUTUNNO 2026;95;2026-09-09;21:24:08;2026-09-09;D;T;E;206;;BAR;I;ROSSA MEDIA;;ROSSA MEDIA;1,00;5,50;5,50
20;3;FESTA D'AUTUNNO 2026;95;2026-09-09;21:24:08;2026-09-09;D;T;E;206;;BAR;I;COCACOLA;;COCACOLA;2,00;3,50;7,00
20;3;FESTA D'AUTUNNO 2026;95;2026-09-09;21:24:08;2026-09-09;D;T;E;206;;BAR;I;CREMA CAFFE';;CREMA CAFFE';2,00;2,50;5,00
20;3;FESTA D'AUTUNNO 2026;95;2026-09-09;21:24:08;2026-09-09;D;T;E;206;;BAR;I;SGROPPINO;;SGROPPINO;3,00;2,50;7,50
20;3;FESTA D'AUTUNNO 2026;96;2026-09-09;21:25:27;2026-09-09;D;A;E;;Pippo Franco;PIZZERIA;K;PROSCIUTTO;;PROSCIUTTO;2,00;6,50;13,00
20;3;FESTA D'AUTUNNO 2026;96;2026-09-09;21:25:27;2026-09-09;D;A;E;;Pippo Franco;PIZZERIA;K;PROSCIUTTO FUNGHI;;PROSCIUTTO FUNGHI;4,00;7,00;28,00
20;3;FESTA D'AUTUNNO 2026;96;2026-09-09;21:25:27;2026-09-09;D;A;E;;Pippo Franco;PIZZERIA;K;CAPRICCIOSA;;CAPRICCIOSA;4,00;7,50;30,00
20;3;FESTA D'AUTUNNO 2026;96;2026-09-09;21:25:27;2026-09-09;D;A;E;;Pippo Franco;PIZZERIA;K;CAPRICCIOSA;+ SALAMINO;CAPRICCIOSA + SALAMINO;2,00;8,00;16,00
20;3;FESTA D'AUTUNNO 2026;96;2026-09-09;21:25:27;2026-09-09;D;A;E;;Pippo Franco;PIZZERIA;K;CRUDO;BATTUTA;CRUDO BATTUTA;1,00;11,00;11,00
20;3;FESTA D'AUTUNNO 2026;97;2026-09-09;23:31:25;2026-09-09;D;T;E;106;;PRIMI;K;PENNE RAGU';;PENNE RAGU';1,00;6,00;6,00
20;3;FESTA D'AUTUNNO 2026;97;2026-09-09;23:31:25;2026-09-09;D;T;E;106;;PRIMI;K;PENNE FORMAGGI;;PENNE FORMAGGI;1,00;6,00;6,00
20;3;FESTA D'AUTUNNO 2026;97;2026-09-09;23:31:25;2026-09-09;D;T;E;106;;PRIMI;K;PENNE AMATRICIANA;;PENNE AMATRICIANA;1,00;6,00;6,00
20;3;FESTA D'AUTUNNO 2026;97;2026-09-09;23:31:25;2026-09-09;D;T;E;106;;PRIMI;I;LASAGNE AUTUNNO;;LASAGNE AUTUNNO;1,00;7,50;7,50
20;3;FESTA D'AUTUNNO 2026;97;2026-09-09;23:31:25;2026-09-09;D;T;E;106;;SECONDI;K;COSTICINE;;COSTICINE;2,00;6,00;12,00
20;3;FESTA D'AUTUNNO 2026;97;2026-09-09;23:31:25;2026-09-09;D;T;E;106;;SECONDI;K;BRACIOLA;;BRACIOLA;2,00;7,00;14,00
20;3;FESTA D'AUTUNNO 2026;97;2026-09-09;23:31:25;2026-09-09;D;T;E;106;;SECONDI;I;PATATE FRITTE;;PATATE FRITTE;3,00;3,00;9,00
20;3;FESTA D'AUTUNNO 2026;97;2026-09-09;23:31:25;2026-09-09;D;T;E;106;;BAR;I;BIONDA MEDIA;;BIONDA MEDIA;1,00;5,00;5,00
20;3;FESTA D'AUTUNNO 2026;97;2026-09-09;23:31:25;2026-09-09;D;T;E;106;;BAR;I;ROSSA MEDIA;;ROSSA MEDIA;1,00;5,50;5,50
20;3;FESTA D'AUTUNNO 2026;97;2026-09-09;23:31:25;2026-09-09;D;T;E;106;;BAR;I;COCACOLA;;COCACOLA;1,00;3,50;3,50
20;3;FESTA D'AUTUNNO 2026;97;2026-09-09;23:31:25;2026-09-09;D;T;E;106;;BAR;I;ACQUA FRIZZANTE LITRO;;ACQUA FRIZZANTE LITRO;1,00;3,00;3,00
20;3;FESTA D'AUTUNNO 2026;97;2026-09-09;23:31:25;2026-09-09;D;T;E;106;;BAR;I;SGROPPINO;;SGROPPINO;3,00;2,50;7,50
20;3;FESTA D'AUTUNNO 2026;98;2026-09-09;23:34:33;2026-09-09;D;T;C;403;Fabio;PRIMI;K;PENNE RAGU';;PENNE RAGU';1,00;6,00;6,00
20;3;FESTA D'AUTUNNO 2026;98;2026-09-09;23:34:33;2026-09-09;D;T;C;403;Fabio;PRIMI;K;PENNE FORMAGGI;;PENNE FORMAGGI;1,00;6,00;6,00
20;3;FESTA D'AUTUNNO 2026;98;2026-09-09;23:34:33;2026-09-09;D;T;C;403;Fabio;PRIMI;K;GNOCCHI FORMAGGI;;GNOCCHI FORMAGGI;1,00;6,00;6,00
20;3;FESTA D'AUTUNNO 2026;98;2026-09-09;23:34:33;2026-09-09;D;T;C;403;Fabio;PRIMI;I;TAGLIATELLE FUNGHI;;TAGLIATELLE FUNGHI;1,00;7,00;7,00
20;3;FESTA D'AUTUNNO 2026;98;2026-09-09;23:34:33;2026-09-09;D;T;C;403;Fabio;SECONDI;K;COSTICINE;;COSTICINE;1,00;6,00;6,00
20;3;FESTA D'AUTUNNO 2026;98;2026-09-09;23:34:33;2026-09-09;D;T;C;403;Fabio;SECONDI;K;BRACIOLA;;BRACIOLA;1,00;7,00;7,00
20;3;FESTA D'AUTUNNO 2026;98;2026-09-09;23:34:33;2026-09-09;D;T;C;403;Fabio;SECONDI;I;PIATTO DEL GIORNO;;PIATTO DEL GIORNO;1,00;12,00;12,00
20;3;FESTA D'AUTUNNO 2026;98;2026-09-09;23:34:33;2026-09-09;D;T;C;403;Fabio;SECONDI;I;FAGIOLI CIPOLLA;;FAGIOLI CIPOLLA;2,00;3,00;6,00
20;3;FESTA D'AUTUNNO 2026;98;2026-09-09;23:34:33;2026-09-09;D;T;C;403;Fabio;SECONDI;I;VERDURE GRIGLIATE;;VERDURE GRIGLIATE;2,00;3,50;7,00
20;3;FESTA D'AUTUNNO 2026;98;2026-09-09;23:34:33;2026-09-09;D;T;C;403;Fabio;BAR;I;BIONDA MEDIA;;BIONDA MEDIA;4,00;5,00;20,00
20;3;FESTA D'AUTUNNO 2026;99;2026-09-09;23:43:07;2026-09-09;D;T;E;408;;PRIMI;I;ANTIPASTO AUTUNNO;;ANTIPASTO AUTUNNO;1,00;6,00;6,00
20;3;FESTA D'AUTUNNO 2026;99;2026-09-09;23:43:07;2026-09-09;D;T;E;408;;PRIMI;I;TAGLIERE SALUMI;;TAGLIERE SALUMI;1,00;8,00;8,00
20;3;FESTA D'AUTUNNO 2026;99;2026-09-09;23:43:07;2026-09-09;D;T;E;408;;PIZZERIA;K;SICILIANA;;SICILIANA;2,00;7,00;14,00
20;3;FESTA D'AUTUNNO 2026;99;2026-09-09;23:43:07;2026-09-09;D;T;E;408;;PIZZERIA;K;TONNO CIPOLLA;;TONNO CIPOLLA;1,00;7,00;7,00
20;3;FESTA D'AUTUNNO 2026;99;2026-09-09;23:43:07;2026-09-09;D;T;E;408;;PIZZERIA;K;CAPRICCIOSA;+ SALAMINO;CAPRICCIOSA + SALAMINO;1,00;8,00;8,00
20;3;FESTA D'AUTUNNO 2026;99;2026-09-09;23:43:07;2026-09-09;D;T;E;408;;PIZZERIA;K;CAPRICCIOSA;;CAPRICCIOSA;2,00;7,50;15,00
20;3;FESTA D'AUTUNNO 2026;99;2026-09-09;23:43:07;2026-09-09;D;T;E;408;;BAR;I;CARAFFA BIONDA;;CARAFFA BIONDA;1,00;12,00;12,00
20;3;FESTA D'AUTUNNO 2026;99;2026-09-09;23:43:07;2026-09-09;D;T;E;408;;BAR;I;COCACOLA;;COCACOLA;3,00;3,50;10,50
20;3;FESTA D'AUTUNNO 2026;99;2026-09-09;23:43:07;2026-09-09;D;T;E;408;;BAR;I;ACQUA FRIZZANTE LITRO;;ACQUA FRIZZANTE LITRO;1,00;3,00;3,00
20;3;FESTA D'AUTUNNO 2026;99;2026-09-09;23:43:07;2026-09-09;D;T;E;408;;BAR;I;MERINGATA;;MERINGATA;3,00;3,50;10,50
20;3;FESTA D'AUTUNNO 2026;99;2026-09-09;23:43:07;2026-09-09;D;T;E;408;;BAR;I;TARTUFO BIANCO;;TARTUFO BIANCO;2,00;3,50;7,00
20;3;FESTA D'AUTUNNO 2026;99;2026-09-09;23:43:07;2026-09-09;D;T;E;408;;BAR;I;TARTUFO NERO;;TARTUFO NERO;1,00;3,50;3,50
20;3;FESTA D'AUTUNNO 2026;99;2026-09-09;23:43:07;2026-09-09;D;T;E;408;;BAR;I;CREMA CAFFE';;CREMA CAFFE';1,00;2,50;2,50
20;3;FESTA D'AUTUNNO 2026;99;2026-09-09;23:43:07;2026-09-09;D;T;E;408;;BAR;I;SGROPPINO;;SGROPPINO;1,00;2,50;2,50
20;3;FESTA D'AUTUNNO 2026;99;2026-09-09;23:43:07;2026-09-09;D;T;E;408;;PRIMI;I;TAGLIATELLE FUNGHI;;TAGLIATELLE FUNGHI;1,00;7,00;7,00
20;3;FESTA D'AUTUNNO 2026;99;2026-09-09;23:43:07;2026-09-09;D;T;E;408;;PRIMI;I;LASAGNE AUTUNNO;;LASAGNE AUTUNNO;1,00;7,50;7,50
20;3;FESTA D'AUTUNNO 2026;100;2026-09-09;23:44:23;2026-09-09;D;T;E;304;;PRIMI;K;GNOCCHI RAGU';;GNOCCHI RAGU';1,00;6,00;6,00
20;3;FESTA D'AUTUNNO 2026;100;2026-09-09;23:44:23;2026-09-09;D;T;E;304;;PRIMI;K;GNOCCHI FORMAGGI;;GNOCCHI FORMAGGI;1,00;6,00;6,00
20;3;FESTA D'AUTUNNO 2026;100;2026-09-09;23:44:23;2026-09-09;D;T;E;304;;PRIMI;K;GNOCCHI ANATRA;;GNOCCHI ANATRA;1,00;7,00;7,00
20;3;FESTA D'AUTUNNO 2026;100;2026-09-09;23:44:23;2026-09-09;D;T;E;304;;PRIMI;K;PENNE AMATRICIANA;;PENNE AMATRICIANA;1,00;6,00;6,00
20;3;FESTA D'AUTUNNO 2026;100;2026-09-09;23:44:23;2026-09-09;D;T;E;304;;PRIMI;K;PENNE FORMAGGI;;PENNE FORMAGGI;1,00;6,00;6,00
20;3;FESTA D'AUTUNNO 2026;100;2026-09-09;23:44:23;2026-09-09;D;T;E;304;;PRIMI;K;PENNE RAGU';;PENNE RAGU';1,00;6,00;6,00
20;3;FESTA D'AUTUNNO 2026;100;2026-09-09;23:44:23;2026-09-09;D;T;E;304;;PRIMI;I;ANTIPASTO AUTUNNO;;ANTIPASTO AUTUNNO;1,00;6,00;6,00
20;3;FESTA D'AUTUNNO 2026;100;2026-09-09;23:44:23;2026-09-09;D;T;E;304;;SECONDI;K;BIS;;BIS;1,00;6,50;6,50
20;3;FESTA D'AUTUNNO 2026;100;2026-09-09;23:44:23;2026-09-09;D;T;E;304;;SECONDI;K;TRIS;;TRIS;1,00;11,00;11,00
20;3;FESTA D'AUTUNNO 2026;100;2026-09-09;23:44:23;2026-09-09;D;T;E;304;;SECONDI;K;PIATTO SAGRA;;PIATTO SAGRA;1,00;14,00;14,00
20;3;FESTA D'AUTUNNO 2026;100;2026-09-09;23:44:23;2026-09-09;D;T;E;304;;SECONDI;I;PIATTO DEL GIORNO;;PIATTO DEL GIORNO;3,00;12,00;36,00
20;3;FESTA D'AUTUNNO 2026;100;2026-09-09;23:44:23;2026-09-09;D;T;E;304;;SECONDI;I;PATATE FRITTE;;PATATE FRITTE;2,00;3,00;6,00
20;3;FESTA D'AUTUNNO 2026;100;2026-09-09;23:44:23;2026-09-09;D;T;E;304;;SECONDI;I;FAGIOLI CIPOLLA;;FAGIOLI CIPOLLA;1,00;3,00;3,00
20;3;FESTA D'AUTUNNO 2026;100;2026-09-09;23:44:23;2026-09-09;D;T;E;304;;SECONDI;I;VERDURE GRIGLIATE;;VERDURE GRIGLIATE;1,00;3,50;3,50
20;3;FESTA D'AUTUNNO 2026;100;2026-09-09;23:44:23;2026-09-09;D;T;E;304;;BAR;I;CARAFFA BIONDA;;CARAFFA BIONDA;1,00;12,00;12,00
20;3;FESTA D'AUTUNNO 2026;100;2026-09-09;23:44:23;2026-09-09;D;T;E;304;;BAR;I;CARAFFA ROSSA;;CARAFFA ROSSA;1,00;13,00;13,00
20;3;FESTA D'AUTUNNO 2026;100;2026-09-09;23:44:23;2026-09-09;D;T;E;304;;BAR;I;COCACOLA;;COCACOLA;1,00;3,50;3,50
20;3;FESTA D'AUTUNNO 2026;100;2026-09-09;23:44:23;2026-09-09;D;T;E;304;;BAR;I;ACQUA NATURALE LITRO;;ACQUA NATURALE LITRO;1,00;3,00;3,00
20;3;FESTA D'AUTUNNO 2026;100;2026-09-09;23:44:23;2026-09-09;D;T;E;304;;BAR;I;SGROPPINO;;SGROPPINO;4,00;2,50;10,00
20;3;FESTA D'AUTUNNO 2026;100;2026-09-09;23:44:23;2026-09-09;D;T;E;304;;BAR;I;CREMA CAFFE';;CREMA CAFFE';2,00;2,50;5,00
